IATA_CODE;AIRPORT;CITY;STATE;COUNTRY;LATITUDE;LONGITUDE
ABE;Lehigh Valley International Airport;Allentown;PA;USA;4.065.236;-7.544.040
ABI;Abilene Regional Airport;Abilene;TX;USA;3.241.132;-9.968.190
ABQ;Albuquerque International Sunport;Albuquerque;NM;USA;3.504.022;-10.660.919
ABR;Aberdeen Regional Airport;Aberdeen;SD;USA;4.544.906;-9.842.183
ABY;Southwest Georgia Regional Airport;Albany;GA;USA;3.153.552;-8.419.447
ACK;Nantucket Memorial Airport;Nantucket;MA;USA;4.125.305;-7.006.018
ACT;Waco Regional Airport;Waco;TX;USA;3.161.129;-9.723.052
ACV;Arcata Airport;Arcata/Eureka;CA;USA;4.097.812;-12.410.862
ACY;Atlantic City International Airport;Atlantic City;NJ;USA;3.945.758;-7.457.717
ADK;Adak Airport;Adak;AK;USA;5.187.796;-17.664.603
ADQ;Kodiak Airport;Kodiak;AK;USA;5.774.997;-15.249.386
AEX;Alexandria International Airport;Alexandria;LA;USA;3.132.737;-9.254.856
AGS;Augusta Regional Airport (Bush Field);Augusta;GA;USA;3.336.996;-8.196.450
AKL;Auckland Airport;Auckland;;New Zealand;-370.082;1.747.916
AKN;King Salmon Airport;King Salmon;AK;USA;5.867.680;-15.664.922
ALB;Albany International Airport;Albany;NY;USA;4.274.812;-7.380.298
ALO;Waterloo Regional Airport;Waterloo;IA;USA;4.255.708;-9.240.034
AMA;Rick Husband Amarillo International Airport;Amarillo;TX;USA;3.521.937;-10.170.593
AMS;Amsterdam Airport Schiphol;Amsterdam;North Holland;Netherlands;523.086;47.639
ANC;Ted Stevens Anchorage International Airport;Anchorage;AK;USA;6.117.432;-14.999.619
APN;Alpena County Regional Airport;Alpena;MI;USA;4.507.807;-8.356.029
ASE;Aspen-Pitkin County Airport;Aspen;CO;USA;3.922.316;-10.686.885
ATL;Hartsfield-Jackson Atlanta International Airport;Atlanta;GA;USA;3.364.044;-8.442.694
ATW;Appleton International Airport;Appleton;WI;USA;4.425.741;-8.851.948
AUS;Austin-Bergstrom International Airport;Austin;TX;USA;3.019.453;-9.766.987
AVL;Asheville Regional Airport;Asheville;NC;USA;3.543.619;-8.254.181
AVP;Wilkes-Barre/Scranton International Airport;Wilkes-Barre/Scranton;PA;USA;4.133.815;-7.572.427
AZO;Kalamazoo/Battle Creek International Airport;Kalamazoo;MI;USA;4.223.488;-8.555.206
BDL;Bradley International Airport;Windsor Locks;CT;USA;4.193.887;-7.268.323
BET;Bethel Airport;Bethel;AK;USA;6.077.978;-16.183.800
BFL;Meadows Field;Bakersfield;CA;USA;3.543.360;-11.905.677
BGM;Greater Binghamton Airport;Binghamton;NY;USA;4.220.848;-7.597.961
BGR;Bangor International Airport;Bangor;ME;USA;4.480.744;-6.882.814
BHM;Birmingham-Shuttlesworth International Airport;Birmingham;AL;USA;3.356.294;-8.675.355
BIL;Billings Logan International Airport;Billings;MT;USA;4.580.766;-10.854.286
BIS;Bismarck Municipal Airport;Bismarck;ND;USA;4.677.411;-10.074.672
BJI;Bemidji Regional Airport;Bemidji;MN;USA;4.750.942;-9.493.372
BLI;Bellingham International Airport;Bellingham;WA;USA;4.879.275;-12.253.753
BMI;Central Illinois Regional Airport at Bloomington-Normal;Bloomington;IL;USA;4.047.799;-8.891.595
BNA;Nashville International Airport;Nashville;TN;USA;3.612.448;-8.667.818
BNE;Brisbane Airport;Brisbane;Queensland;Australia;-273.842;1.531.175
BOI;Boise Airport (Boise Air Terminal);Boise;ID;USA;4.356.444;-11.622.278
BOS;Gen. Edward Lawrence Logan International Airport;Boston;MA;USA;4.236.435;-7.100.518
BPT;Jack Brooks Regional Airport (Southeast Texas Regional);Beaumont/Port Arthur;TX;USA;2.995.083;-9.402.069
BQK;Brunswick Golden Isles Airport;Brunswick;GA;USA;3.125.903;-8.146.631
BQN;Rafael Hernández Airport;Aguadilla;PR;USA;1.849.486;-6.712.944
BRD;Brainerd Lakes Regional Airport;Brainerd;MN;USA;4.639.786;-9.413.723
BRO;Brownsville/South Padre Island International Airport;Brownsville;TX;USA;2.590.683;-9.742.586
BRW;Wiley Post-Will Rogers Memorial Airport;Barrow;AK;USA;7.128.545;-15.676.600
BTM;Bert Mooney Airport;Butte;MT;USA;4.595.480;-11.249.746
BTR;Baton Rouge Metropolitan Airport;Baton Rouge;LA;USA;3.053.316;-9.114.963
BTV;Burlington International Airport;Burlington;VT;USA;4.447.300;-7.315.031
BUF;Buffalo Niagara International Airport;Buffalo;NY;USA;4.294.052;-7.873.217
BUR;Bob Hope Airport (Hollywood Burbank Airport);Burbank;CA;USA;3.420.062;-11.835.850
BWI;Baltimore-Washington International Airport;Baltimore;MD;USA;3.917.540;-7.666.820
BZN;Bozeman Yellowstone International Airport (Gallatin Field Airport);Bozeman;MT;USA;4.577.690;-11.115.301
CAE;Columbia Metropolitan Airport;Columbia;SC;USA;3.393.884;-8.111.954
CAK;Akron-Canton Regional Airport;Akron;OH;USA;4.091.631;-8.144.247
CDC;Cedar City Regional Airport;Cedar City;UT;USA;3.770.097;-11.309.858
CDG;Charles de Gaulle Airport;Paris;Île-de-France;France;490.097;25.479
CDV;Merle K. (Mudhole) Smith Airport;Cordova;AK;USA;6.049.183;-14.547.765
CEC;Del Norte County Airport (Jack McNamara Field);Crescent City;CA;USA;4.178.016;-12.423.653
CHA;Chattanooga Metropolitan Airport (Lovell Field);Chattanooga;TN;USA;3.503.527;-8.520.379
CHO;Charlottesville-Albemarle Airport;Charlottesville;VA;USA;3.813.864;-7.845.286
CHS;Charleston International Airport/Charleston AFB;Charleston;SC;USA;3.289.865;-8.004.051
CID;The Eastern Iowa Airport;Cedar Rapids;IA;USA;4.188.459;-9.171.087
CIU;Chippewa County International Airport;Sault Ste. Marie;MI;USA;4.625.075;-8.447.239
CLD;McClellan-Palomar Airport;San Diego;CA;USA;3.312.723;-11.727.873
CLE;Cleveland Hopkins International Airport;Cleveland;OH;USA;4.141.089;-8.184.940
CLL;Easterwood Airport;College Station;TX;USA;3.058.859;-9.636.382
CLT;Charlotte Douglas International Airport;Charlotte;NC;USA;3.521.401;-8.094.313
CMH;Port Columbus International Airport;Columbus;OH;USA;3.999.799;-8.289.188
CMI;University of Illinois - Willard Airport;Champaign/Urbana;IL;USA;4.003.925;-8.827.806
CMX;Houghton County Memorial Airport;Hancock;MI;USA;4.716.842;-8.848.906
CNY;Canyonlands Field;Moab;UT;USA;3.875.496;-10.975.484
COD;Yellowstone Regional Airport;Cody;WY;USA;4.452.019;-10.902.380
COS;City of Colorado Springs Municipal Airport;Colorado Springs;CO;USA;3.880.581;-10.470.025
COU;Columbia Regional Airport;Columbia;MO;USA;3.881.809;-9.221.963
CPR;Natrona County International Airport;Casper;WY;USA;4.290.836;-10.646.447
CRP;Corpus Christi International Airport;Corpus Christi;TX;USA;2.777.036;-9.750.122
CRW;Yeager Airport;Charleston;WV;USA;3.837.315;-8.159.319
CSG;Columbus Metropolitan Airport;Columbus;GA;USA;3.251.633;-8.493.886
CUN;Cancún International Airport;Cancún;Quintana Roo;Mexico;210.365;-868.771
CVG;Cincinnati/Northern Kentucky International Airport;Covington;KY;USA;3.904.614;-8.466.217
CWA;Central Wisconsin Airport;Mosinee;WI;USA;4.477.762;-8.966.678
DAB;Daytona Beach International Airport;Daytona Beach;FL;USA;2.917.992;-8.105.806
DAL;Dallas Love Field;Dallas;TX;USA;3.284.711;-9.685.177
DAY;James M. Cox Dayton International Airport;Dayton;OH;USA;3.990.238;-8.421.938
DBQ;Dubuque Regional Airport;Dubuque;IA;USA;4.240.296;-9.070.917
DCA;Ronald Reagan Washington National Airport;Arlington;VA;USA;3.885.208;-7.703.772
DEN;Denver International Airport;Denver;CO;USA;3.985.841;-10.466.700
DFW;Dallas/Fort Worth International Airport;Dallas-Fort Worth;TX;USA;3.289.595;-9.703.720
DHN;Dothan Regional Airport;Dothan;AL;USA;3.132.134;-8.544.963
DIK;Dickinson Theodore Roosevelt Regional Airport;Dickinson;ND;USA;4.679.739;-10.280.195
DLG;Dillingham Airport;Dillingham;AK;USA;5.904.541;-15.850.334
DLH;Duluth International Airport;Duluth;MN;USA;4.684.209;-9.219.365
DRO;Durango-La Plata County Airport;Durango;CO;USA;3.715.152;-10.775.377
DSM;Des Moines International Airport;Des Moines;IA;USA;4.153.493;-9.366.068
DTW;Detroit Metropolitan Airport;Detroit;MI;USA;4.221.206;-8.334.884
DVL;Devils Lake Regional Airport;Devils Lake;ND;USA;4.811.425;-9.890.878
DXB;Dubai International Airport;Dubai;Dubai;United Arab Emirates;252.532;553.657
EAU;Chippewa Valley Regional Airport;Eau Claire;WI;USA;4.486.526;-9.148.507
ECP;Northwest Florida Beaches International Airport;Panama City;FL;USA;;
EGE;Eagle County Regional Airport;Eagle;CO;USA;3.964.257;-10.691.770
EKO;Elko Regional Airport;Elko;NV;USA;4.082.493;-11.579.170
ELM;Elmira/Corning Regional Airport;Elmira;NY;USA;4.215.991;-7.689.144
ELP;El Paso International Airport;El Paso;TX;USA;3.180.667;-10.637.781
ERI;Erie International Airport;Erie;PA;USA;4.208.202;-8.017.622
ESC;Delta County Airport;Escanaba;MI;USA;4.572.267;-8.709.373
EUG;Eugene Airport (Mahlon Sweet Field);Eugene;OR;USA;4.412.326;-12.321.869
EVV;Evansville Regional Airport;Evansville;IN;USA;3.803.799;-8.753.063
EWN;Coastal Carolina Regional Airport (Craven County Regional);New Bern;NC;USA;3.507.297;-7.704.294
EWR;Newark Liberty International Airport;Newark;NJ;USA;4.069.250;-7.416.866
EYW;Key West International Airport;Key West;FL;USA;2.455.611;-8.175.956
EZE;Ministro Pistarini International Airport;Buenos Aires;Buenos Aires;Argentina;-34.815;-585.348
FAI;Fairbanks International Airport;Fairbanks;AK;USA;6.481.368;-14.785.967
FAR;Hector International Airport;Fargo;ND;USA;4.691.935;-9.681.499
FAT;Fresno Yosemite International Airport;Fresno;CA;USA;3.677.619;-11.971.814
FAY;Fayetteville Regional Airport;Fayetteville;NC;USA;3.499.147;-7.888.000
FCA;Glacier Park International Airport;Kalispell;MT;USA;4.831.140;-11.425.507
FLG;Flagstaff Pulliam Airport;Flagstaff;AZ;USA;3.513.845;-11.167.122
FLL;Fort Lauderdale-Hollywood International Airport;Ft. Lauderdale;FL;USA;2.607.258;-8.015.275
FNT;Bishop International Airport;Flint;MI;USA;4.296.550;-8.374.346
FRA;Frankfurt Airport;Frankfurt;Hesse;Germany;500.379;85.622
FSD;Sioux Falls Regional Airport;Sioux Falls;SD;USA;4.358.135;-9.674.170
FSM;Fort Smith Regional Airport;Fort Smith;AR;USA;3.533.659;-9.436.744
FWA;Fort Wayne International Airport;Fort Wayne;IN;USA;4.097.847;-8.519.515
GCC;Gillette-Campbell County Airport;Gillette;WY;USA;4.434.890;-10.553.936
GCK;Garden City Regional Airport;Garden City;KS;USA;3.792.752;-10.072.441
GEG;Spokane International Airport;Spokane;WA;USA;4.761.986;-11.753.384
GFK;Grand Forks International Airport;Grand Forks;ND;USA;4.794.926;-9.717.611
GGG;East Texas Regional Airport;Longview;TX;USA;3.238.486;-9.471.171
GJT;Grand Junction Regional Airport (Walker Field);Grand Junction;CO;USA;3.912.241;-10.852.673
GNV;Gainesville Regional Airport;Gainesville;FL;USA;2.969.006;-8.227.178
GPT;Gulfport-Biloxi International Airport;Gulfport-Biloxi;MS;USA;3.040.728;-8.907.009
GRB;Green Bay-Austin Straubel International Airport;Green Bay;WI;USA;4.448.507;-8.812.959
GRI;Central Nebraska Regional Airport;Grand Island;NE;USA;4.096.747;-9.830.861
GRK;Killeen-Fort Hood Regional Airport;Killeen;TX;USA;3.106.490;-9.782.780
GRR;Gerald R. Ford International Airport;Grand Rapids;MI;USA;4.288.082;-8.552.277
GRU;São Paulo/Guarulhos International Airport;São Paulo;São Paulo;Brazil;-234.356;-464.731
GSO;Piedmont Triad International Airport;Greensboro;NC;USA;3.609.775;-7.993.730
GSP;Greenville-Spartanburg International Airport;Greer;SC;USA;3.489.567;-8.221.886
GST;Gustavus Airport;Gustavus;AK;USA;5.842.438;-13.570.738
GTF;Great Falls International Airport;Great Falls;MT;USA;4.748.200;-11.137.069
GTR;Golden Triangle Regional Airport;Columbus-Starkville-West Point;MS;USA;3.345.033;-8.859.137
GUC;Gunnison-Crested Butte Regional Airport;Gunnison;CO;USA;3.853.396;-10.693.318
GUM;Guam International Airport;Agana;GU;USA;1.348.345;-14.479.598
HDN;Yampa Valley Airport (Yampa Valley Regional);Hayden;CO;USA;4.048.118;-10.721.766
HIB;Range Regional Airport (Chisholm-Hibbing Airport);Hibbing;MN;USA;4.738.660;-9.283.899
HLN;Helena Regional Airport;Helena;MT;USA;4.660.682;-11.198.275
HND;Tokyo Haneda Airport;Tokyo;Tokyo;Japan;355.494;1.397.798
HNL;Honolulu International Airport;Honolulu;HI;USA;2.131.869;-15.792.241
HOB;Lea County Regional Airport;Hobbs;NM;USA;3.268.753;-10.321.703
HOU;William P. Hobby Airport;Houston;TX;USA;2.964.542;-9.527.889
HPN;Westchester County Airport;White Plains;NY;USA;4.106.696;-7.370.757
HRL;Valley International Airport;Harlingen;TX;USA;2.622.851;-9.765.439
HSV;Huntsville International Airport;Huntsville;AL;USA;3.464.045;-8.677.311
HYA;Barnstable Municipal Airport;Hyannis;MA;USA;4.166.934;-7.028.036
HYS;Hays Regional Airport;Hays;KS;USA;3.884.494;-9.927.403
IAD;Washington Dulles International Airport;Chantilly;VA;USA;3.894.453;-7.745.581
IAG;Niagara Falls International Airport;Niagara Falls;NY;USA;4.310.726;-7.894.538
IAH;George Bush Intercontinental Airport;Houston;TX;USA;2.998.047;-9.533.972
ICN;Incheon International Airport;Seoul;Incheon;South Korea;374.602;1.264.407
ICT;Wichita Dwight D. Eisenhower National Airport (Wichita Mid-Continent Airport);Wichita;KS;USA;3.764.996;-9.743.305
IDA;Idaho Falls Regional Airport;Idaho Falls;ID;USA;4.351.456;-11.207.017
ILG;Wilmington Airport;Wilmington;DE;USA;3.967.872;-7.560.653
ILM;Wilmington International Airport;Wilmington;NC;USA;3.427.061;-7.790.256
IMT;Ford Airport;Iron Mountain/Kingsford;MI;USA;4.581.835;-8.811.454
IND;Indianapolis International Airport;Indianapolis;IN;USA;3.971.733;-8.629.438
INL;Falls International Airport;International Falls;MN;USA;4.856.619;-9.340.307
ISN;Sloulin Field International Airport;Williston;ND;USA;4.817.794;-10.364.235
ISP;Long Island MacArthur Airport;Islip;NY;USA;4.079.524;-7.310.021
ITH;Ithaca Tompkins Regional Airport;Ithaca;NY;USA;4.249.103;-7.645.844
ITO;Hilo International Airport;Hilo;HI;USA;1.972.026;-15.504.847
JAC;Jackson Hole Airport;Jackson;WY;USA;4.360.732;-11.073.774
JAN;Jackson-Evers International Airport;Jackson;MS;USA;3.231.117;-9.007.589
JAX;Jacksonville International Airport;Jacksonville;FL;USA;3.049.406;-8.168.786
JFK;John F. Kennedy International Airport (New York International Airport);New York;NY;USA;4.063.975;-7.377.893
JLN;Joplin Regional Airport;Joplin;MO;USA;3.715.181;-9.449.827
JMS;Jamestown Regional Airport;Jamestown;ND;USA;4.692.972;-9.867.820
JNU;Juneau International Airport;Juneau;AK;USA;5.835.496;-13.457.628
KOA;Kona International Airport at Keahole;Kailua/Kona;HI;USA;1.973.877;-15.604.563
KTN;Ketchikan International Airport;Ketchikan;AK;USA;5.535.557;-13.171.374
LAN;Capital Region International Airport ( Lansing Capital City);Lansing;MI;USA;4.277.870;-8.458.736
LAR;Laramie Regional Airport;Laramie;WY;USA;4.131.205;-10.567.499
LAS;McCarran International Airport;Las Vegas;NV;USA;3.608.036;-11.515.233
LAW;Lawton-Fort Sill Regional Airport;Lawton;OK;USA;3.456.771;-9.841.664
LAX;Los Angeles International Airport;Los Angeles;CA;USA;3.394.254;-11.840.807
LBB;Lubbock Preston Smith International Airport;Lubbock;TX;USA;3.366.364;-10.182.278
LBE;Arnold Palmer Regional Airport;Latrobe;PA;USA;4.027.594;-7.940.480
LCH;Lake Charles Regional Airport;Lake Charles;LA;USA;3.012.610;-9.322.340
LEX;Blue Grass Airport;Lexington;KY;USA;3.803.697;-8.460.539
LFT;Lafayette Regional Airport;Lafayette;LA;USA;3.020.528;-9.198.766
LGA;LaGuardia Airport (Marine Air Terminal);New York;NY;USA;4.077.724;-7.387.261
LGB;Long Beach Airport (Daugherty Field);Long Beach;CA;USA;3.381.772;-11.815.161
LHR;Heathrow Airport;London;England;United Kingdom;51.47;-0.4543
LIH;Lihue Airport;Lihue;HI;USA;2.197.598;-15.933.896
LIM;Jorge Chávez International Airport;Lima;Callao;Peru;-120.219;-771.143
LIT;Bill and Hillary Clinton National Airport (Adams Field);Little Rock;AR;USA;3.472.940;-9.222.425
LNK;Lincoln Airport (Lincoln Municipal);Lincoln;NE;USA;4.085.097;-9.675.925
LRD;Laredo International Airport;Laredo;TX;USA;2.754.374;-9.946.154
LSE;La Crosse Regional Airport;La Crosse;WI;USA;4.387.938;-9.125.654
LWS;Lewiston-Nez Perce County Airport;Lewiston;ID;USA;4.637.450;-11.701.539
MAF;Midland International Airport;Midland;TX;USA;3.194.253;-10.220.191
MBS;MBS International Airport;Saginaw;MI;USA;4.353.291;-8.407.965
MCI;Kansas City International Airport;Kansas City;MO;USA;3.929.761;-9.471.391
MCO;Orlando International Airport;Orlando;FL;USA;2.842.889;-8.131.603
MDE;José María Córdova International Airport;Medellín;Antioquia;Colombia;61.645;-754.231
MDT;Harrisburg International Airport;Harrisburg;PA;USA;4.019.350;-7.676.340
MDW;Chicago Midway International Airport;Chicago;IL;USA;4.178.598;-8.775.242
MEI;Meridian Regional Airport;Meridian;MS;USA;3.233.313;-8.875.121
MEM;Memphis International Airport;Memphis;TN;USA;3.504.242;-8.997.667
MEX;Mexico City International Airport;Mexico City;Mexico City;Mexico;194.363;-990.721
MFE;McAllen-Miller International Airport (McAllen Miller International);McAllen;TX;USA;2.617.583;-9.823.861
MFR;Rogue Valley International Airport;Medford;OR;USA;4.237.423;-12.287.350
MGM;Montgomery Regional Airport;Montgomery;AL;USA;3.230.064;-8.639.398
MHK;Manhattan Regional Airport;Manhattan;KS;USA;3.914.097;-9.667.083
MHT;Manchester-Boston Regional Airport;Manchester;NH;USA;4.293.452;-7.143.706
MIA;Miami International Airport;Miami;FL;USA;2.579.325;-8.029.056
MKE;General Mitchell International Airport;Milwaukee;WI;USA;4.294.722;-8.789.658
MKG;Muskegon County Airport;Muskegon;MI;USA;4.316.949;-8.623.822
MLB;Melbourne International Airport;Melbourne;FL;USA;2.810.275;-8.064.581
MLI;Quad City International Airport;Moline;IL;USA;4.144.853;-9.050.754
MLU;Monroe Regional Airport;Monroe;LA;USA;3.251.087;-9.203.769
MMH;Mammoth Yosemite Airport;Mammoth Lakes;CA;USA;3.762.405;-11.883.777
MOB;Mobile Regional Airport;Mobile;AL;USA;3.069.142;-8.824.283
MOT;Minot International Airport;Minot;ND;USA;4.825.938;-10.128.033
MQT;Sawyer International Airport;Marquette;MI;USA;4.635.364;-8.739.536
MRY;Monterey Regional Airport (Monterey Peninsula Airport);Monterey;CA;USA;3.658.698;-12.184.295
MSN;Dane County Regional Airport;Madison;WI;USA;4.313.986;-8.933.751
MSO;Missoula International Airport;Missoula;MT;USA;4.691.631;-11.409.056
MSP;Minneapolis-Saint Paul International Airport;Minneapolis;MN;USA;4.488.055;-9.321.692
MSY;Louis Armstrong New Orleans International Airport;New Orleans;LA;USA;2.999.339;-9.025.803
MTJ;Montrose Regional Airport;Montrose;CO;USA;3.850.887;-10.789.383
MVY;Martha's Vineyard Airport;Marthas Vineyard;MA;USA;4.139.303;-7.061.433
MYR;Myrtle Beach International Airport;Myrtle Beach;SC;USA;3.367.975;-7.892.833
NRT;Narita International Airport;Tokyo;Chiba;Japan;35.772;1.403.929
OAJ;Albert J. Ellis Airport;Jacksonville;NC;USA;3.482.916;-7.761.214
OAK;Oakland International Airport;Oakland;CA;USA;3.772.129;-12.222.072
OGG;Kahului Airport;Kahului;HI;USA;2.089.865;-15.643.046
OKC;Will Rogers World Airport;Oklahoma City;OK;USA;3.539.309;-9.760.073
OMA;Eppley Airfield;Omaha;NE;USA;4.130.252;-9.589.417
OME;Nome Airport;Nome;AK;USA;6.451.220;-16.544.525
ONT;Ontario International Airport;Ontario;CA;USA;3.405.600;-11.760.119
ORD;Chicago O'Hare International Airport;Chicago;IL;USA;4.197.960;-8.790.446
ORF;Norfolk International Airport;Norfolk;VA;USA;3.689.461;-7.620.122
ORH;Worcester Regional Airport;Worcester;MA;USA;4.226.734;-7.187.571
OTH;Southwest Oregon Regional Airport (North Bend Municipal);North Bend;OR;USA;4.341.714;-12.424.603
OTZ;Ralph Wien Memorial Airport;Kotzebue;AK;USA;6.688.468;-16.259.855
PAH;Barkley Regional Airport;Paducah;KY;USA;3.706.083;-8.877.375
PBG;Plattsburgh International Airport;Plattsburgh;NY;USA;;
PBI;Palm Beach International Airport;West Palm Beach;FL;USA;2.668.316;-8.009.559
PDX;Portland International Airport;Portland;OR;USA;4.558.872;-12.259.750
PHF;Newport News/Williamsburg International Airport;Newport News;VA;USA;3.713.190;-7.649.299
PHL;Philadelphia International Airport;Philadelphia;PA;USA;3.987.195;-7.524.114
PHX;Phoenix Sky Harbor International Airport;Phoenix;AZ;USA;3.343.417;-11.200.806
PIA;General Wayne A. Downing Peoria International Airport;Peoria;IL;USA;4.066.424;-8.969.331
PIB;Hattiesburg-Laurel Regional Airport;Hattiesburg-Laurel;MS;USA;3.146.715;-8.933.706
PIH;Pocatello Regional Airport;Pocatello;ID;USA;4.291.131;-11.259.586
PIT;Pittsburgh International Airport;Pittsburgh;PA;USA;4.049.147;-8.023.287
PLN;Pellston Regional Airport of Emmet County;Pellston;MI;USA;4.557.093;-8.479.672
PNS;Pensacola International Airport (Pensacola Gulf Coast Regional Airport);Pensacola;FL;USA;3.047.331;-8.718.744
PPG;Pago Pago International Airport (Tafuna Airport);Pago Pago;AS;USA;1.433.102;-17.071.053
PSC;Tri-Cities Airport;Pasco;WA;USA;4.626.468;-11.911.903
PSE;Mercedita Airport;Ponce;PR;USA;1.800.830;-6.656.301
PSG;Petersburg James A. Johnson Airport;Petersburg;AK;USA;5.680.165;-13.294.528
PSP;Palm Springs International Airport;Palm Springs;CA;USA;3.382.922;-11.650.625
PUB;Pueblo Memorial Airport;Pueblo;CO;USA;3.828.909;-10.449.657
PVD;Theodore Francis Green State Airport;Providence;RI;USA;4.172.400;-7.142.822
PWM;Portland International Jetport;Portland;ME;USA;4.364.617;-7.030.875
RAP;Rapid City Regional Airport;Rapid City;SD;USA;4.404.532;-10.305.737
RDD;Redding Municipal Airport;Redding;CA;USA;4.050.898;-12.229.340
RDM;Redmond Municipal Airport (Roberts Field);Redmond;OR;USA;4.425.407;-12.114.996
RDU;Raleigh-Durham International Airport;Raleigh;NC;USA;3.587.764;-7.878.747
RHI;Rhinelander-Oneida County Airport;Rhinelander;WI;USA;4.563.119;-8.946.745
RIC;Richmond International Airport;Richmond;VA;USA;3.750.517;-7.731.967
RKS;Rock Springs-Sweetwater County Airport;Rock Springs;WY;USA;4.159.422;-10.906.519
RNO;Reno/Tahoe International Airport;Reno;NV;USA;3.949.858;-11.976.806
ROA;Roanoke Regional Airport (Woodrum Field);Roanoke;VA;USA;3.732.547;-7.997.543
ROC;Greater Rochester International Airport;Rochester;NY;USA;4.311.887;-7.767.238
ROW;Roswell International Air Center;Roswell;NM;USA;3.330.156;-10.453.056
RST;Rochester International Airport;Rochester;MN;USA;4.390.883;-9.249.799
RSW;Southwest Florida International Airport;Ft. Myers;FL;USA;2.653.617;-8.175.517
SAF;Santa Fe Municipal Airport;Santa Fe;NM;USA;3.561.678;-10.608.814
SAN;San Diego International Airport (Lindbergh Field);San Diego;CA;USA;3.273.356;-11.718.966
SAT;San Antonio International Airport;San Antonio;TX;USA;2.953.369;-9.846.978
SAV;Savannah/Hilton Head International Airport;Savannah;GA;USA;3.212.758;-8.120.214
SBA;Santa Barbara Municipal Airport (Santa Barbara Airport);Santa Barbara;CA;USA;3.442.621;-11.984.037
SBN;South Bend International Airport (South Bend Regional);South Bend;IN;USA;4.170.895;-8.631.847
SBP;San Luis Obispo County Regional Airport (McChesney Field);San Luis Obispo;CA;USA;3.523.706;-12.064.239
SCC;Deadhorse Airport (Prudhoe Bay Airport);Deadhorse;AK;USA;7.019.476;-14.846.516
SCE;University Park Airport;State College;PA;USA;4.085.121;-7.784.630
SDF;Louisville International Airport (Standiford Field);Louisville;KY;USA;3.817.439;-8.573.600
SEA;Seattle-Tacoma International Airport;Seattle;WA;USA;4.744.898;-12.230.931
SFO;San Francisco International Airport;San Francisco;CA;USA;3.761.900;-12.237.484
SGF;Springfield-Branson National Airport;Springfield;MO;USA;3.724.433;-9.338.686
SGU;St. George Regional Airport;St George;UT;USA;3.709.058;-11.359.306
SHV;Shreveport Regional Airport;Shreveport;LA;USA;3.244.663;-9.382.560
SIT;Sitka Rocky Gutierrez Airport;Sitka;AK;USA;5.704.714;-13.536.160
SJC;Norman Y. Mineta San José International Airport;San Jose;CA;USA;3.736.186;-12.192.901
SJO;Juan Santamaría International Airport;San José;Alajuela;Costa Rica;99.939;-842.088
SJT;San Angelo Regional Airport (Mathis Field);San Angelo;TX;USA;3.135.775;-10.049.631
SJU;Luis Muñoz Marín International Airport;San Juan;PR;USA;1.843.942;-6.600.183
SLC;Salt Lake City International Airport;Salt Lake City;UT;USA;4.078.839;-11.197.777
SMF;Sacramento International Airport;Sacramento;CA;USA;3.869.542;-12.159.077
SMX;Santa Maria Public Airport (Capt G. Allan Hancock Field);Santa Maria;CA;USA;3.489.925;-12.045.758
SNA;John Wayne Airport (Orange County Airport);Santa Ana;CA;USA;3.367.566;-11.786.822
SPI;Abraham Lincoln Capital Airport;Springfield;IL;USA;3.984.395;-8.967.762
SPS;Wichita Falls Municipal Airport/Sheppard AFB;Wichita Falls;TX;USA;3.398.880;-9.849.189
SRQ;Sarasota-Bradenton International Airport;Sarasota;FL;USA;2.739.533;-8.255.411
STC;St. Cloud Regional Airport;St Cloud;MN;USA;4.554.532;-9.405.834
STL;St. Louis International Airport at Lambert Field;St Louis;MO;USA;3.874.769;-9.035.999
STT;Cyril E. King Airport;Charlotte Amalie;VI;USA;1.833.731;-6.497.336
STX;Henry E. Rohlsen Airport;Christiansted;VI;USA;1.770.189;-6.479.856
SUN;Friedman Memorial Airport;Hailey;ID;USA;4.350.484;-11.429.659
SUX;Sioux Gateway Airport;Sioux City;IA;USA;4.240.260;-9.638.437
SWF;Stewart International Airport;Newburgh;NY;USA;4.150.409;-7.410.484
SYD;Sydney Kingsford Smith Airport;Sydney;New South Wales;Australia;-339.399;1.511.753
SYR;Syracuse Hancock International Airport;Syracuse;NY;USA;4.311.119;-7.610.631
TLH;Tallahassee International Airport;Tallahassee;FL;USA;3.039.653;-8.435.033
TOL;Toledo Express Airport;Toledo;OH;USA;4.158.681;-8.380.783
TPA;Tampa International Airport;Tampa;FL;USA;2.797.547;-8.253.325
TPE;Taiwan Taoyuan International Airport;Taipei;Taoyuan;Taiwan;250.797;1.212.342
TRI;Tri-Cities Regional Airport;Bristol;TN;USA;3.647.521;-8.240.742
TTN;Trenton Mercer Airport;Trenton;NJ;USA;4.027.669;-7.481.347
TUL;Tulsa International Airport;Tulsa;OK;USA;3.619.837;-9.588.824
TUS;Tucson International Airport;Tucson;AZ;USA;3.211.608;-11.094.103
TVC;Cherry Capital Airport;Traverse City;MI;USA;4.474.144;-8.558.224
TWF;Magic Valley Regional Airport (Joslin Field);Twin Falls;ID;USA;4.248.180;-11.448.774
TXK;Texarkana Regional Airport (Webb Field);Texarkana;AR;USA;3.345.371;-9.399.102
TYR;Tyler Pounds Regional Airport;Tyler;TX;USA;3.235.414;-9.540.239
TYS;McGhee Tyson Airport;Knoxville;TN;USA;3.581.249;-8.399.286
UST;Northeast Florida Regional Airport (St. Augustine Airport);St. Augustine;FL;USA;;
VEL;Valdez Airport;Vernal;UT;USA;4.044.090;-10.950.992
VLD;Valdosta Regional Airport;Valdosta;GA;USA;3.078.250;-8.327.672
VPS;Destin-Fort Walton Beach Airport/Eglin AFB;Valparaiso;FL;USA;3.048.325;-8.652.540
WRG;Wrangell Airport;Wrangell;AK;USA;5.648.433;-13.236.982
WYS;Westerly State Airport;West Yellowstone;MT;USA;4.468.840;-11.111.764
XNA;Northwest Arkansas Regional Airport;Fayetteville/Springdale/Rogers;AR;USA;3.628.187;-9.430.681
YAK;Yakutat Airport;Yakutat;AK;USA;5.950.336;-13.966.023
YUL;Montréal-Trudeau International Airport;Montreal;Quebec;Canada;454.657;-737.455
YUM;Yuma International Airport;Yuma;AZ;USA;3.265.658;-11.460.597
