city;city_ascii;state_id;state_name;county_fips;county_name;lat;lng;population;density;source;military;incorporated;timezone;ranking;zips;id
new york;New York;NY;New York;36061;New York;406.943;-739.249;18713220;10715;polygon;False;True;America/New_York;1;11229 11226 11225 11224 11222 11221 11220 11385 10169 10168 10167 10165 10162 10282 10280 10040 10044 11109 11104 11105 11379 11378 11377 11697 11694 11692 11693 11691 10271 10279 10278 10075 10302 10301 10452 11451 10475 10474 10471 10470 10473 10472 11228 11223 10103 11368 11369 11366 11367 11364 11365 11362 11363 11360 11361 10028 10029 10026 10027 10024 10025 10022 10023 10020 10021 11212 11213 11210 11211 11216 11217 11214 11215 11218 11219 10152 10153 10154 10307 10306 10305 11429 10310 10311 10312 10314 11432 11433 11430 11436 11434 11435 10453 10451 10457 10456 10455 10454 10459 10458 10128 10004 10005 10006 10007 10001 10002 10003 10009 11238 11239 11230 11231 11232 11233 11234 11235 11236 11237 11375 11374 11371 11370 11373 11372 10170 10171 10172 10173 10174 10177 11351 10039 10038 10035 10034 10037 10036 10031 10030 10033 10032 11201 11208 11203 11205 11204 11207 11206 11209 11411 11412 11413 11414 11415 11416 11417 11418 11419 11101 11102 11103 11106 11001 11005 11004 10065 10069 10199 10309 10308 10304 10303 11428 11421 11420 11423 11422 11425 11424 11427 11426 10466 10467 10464 10465 10462 10463 10460 10461 10468 10469 10119 10115 10112 10110 10111 11359 11358 11357 11356 11355 11354 10019 10018 10013 10012 10011 10010 10017 10016 10014 10008 10041 10043 10055 10060 10080 10081 10087 10090 10101 10102 10104 10105 10106 10107 10108 10109 10113 10114 10116 10117 10118 10120 10121 10122 10123 10124 10125 10126 10129 10130 10131 10132 10133 10138 10150 10151 10155 10156 10157 10158 10159 10160 10163 10164 10166 10175 10176 10178 10179 10185 10203 10211 10212 10213 10242 10249 10256 10258 10259 10260 10261 10265 10268 10269 10270 10272 10273 10274 10275 10276 10277 10281 10285 10286 10313 11120 11202 11241 11242 11243 11245 11247 11249 11251 11252 11256 11352 11380 11381 11386 11405 11431 11439 11499 11690 11695;1840034016
new york;New York;NY;New York;36061;New York;406.943;-739.249;18713220;10715;polygon;False;True;America/New_York;1;11229 11226 11225 11224 11222 11221 11220 11385 10169 10168 10167 10165 10162 10282 10280 10040 10044 11109 11104 11105 11379 11378 11377 11697 11694 11692 11693 11691 10271 10279 10278 10075 10302 10301 10452 11451 10475 10474 10471 10470 10473 10472 11228 11223 10103 11368 11369 11366 11367 11364 11365 11362 11363 11360 11361 10028 10029 10026 10027 10024 10025 10022 10023 10020 10021 11212 11213 11210 11211 11216 11217 11214 11215 11218 11219 10152 10153 10154 10307 10306 10305 11429 10310 10311 10312 10314 11432 11433 11430 11436 11434 11435 10453 10451 10457 10456 10455 10454 10459 10458 10128 10004 10005 10006 10007 10001 10002 10003 10009 11238 11239 11230 11231 11232 11233 11234 11235 11236 11237 11375 11374 11371 11370 11373 11372 10170 10171 10172 10173 10174 10177 11351 10039 10038 10035 10034 10037 10036 10031 10030 10033 10032 11201 11208 11203 11205 11204 11207 11206 11209 11411 11412 11413 11414 11415 11416 11417 11418 11419 11101 11102 11103 11106 11001 11005 11004 10065 10069 10199 10309 10308 10304 10303 11428 11421 11420 11423 11422 11425 11424 11427 11426 10466 10467 10464 10465 10462 10463 10460 10461 10468 10469 10119 10115 10112 10110 10111 11359 11358 11357 11356 11355 11354 10019 10018 10013 10012 10011 10010 10017 10016 10014 10008 10041 10043 10055 10060 10080 10081 10087 10090 10101 10102 10104 10105 10106 10107 10108 10109 10113 10114 10116 10117 10118 10120 10121 10122 10123 10124 10125 10126 10129 10130 10131 10132 10133 10138 10150 10151 10155 10156 10157 10158 10159 10160 10163 10164 10166 10175 10176 10178 10179 10185 10203 10211 10212 10213 10242 10249 10256 10258 10259 10260 10261 10265 10268 10269 10270 10272 10273 10274 10275 10276 10277 10281 10285 10286 10313 11120 11202 11241 11242 11243 11245 11247 11249 11251 11252 11256 11352 11380 11381 11386 11405 11431 11439 11499 11690 11695;1840034016
los angeles;Los Angeles;CA;California;6037;Los Angeles;341.139;-1.184.068;12750807;3276;polygon;False;True;America/Los_Angeles;1;90291 90293 90292 91316 91311 90037 90031 90008 90004 90005 90006 90007 90001 90002 90003 90710 90089 91344 91345 91340 91342 91343 90035 90034 90036 90033 90032 90039 90247 90248 91436 91371 91605 91604 91607 91601 91602 90402 90068 90069 90062 90063 90061 90066 90067 90064 90065 91326 91324 91325 90013 90012 90011 90010 90017 90016 90015 90014 90019 90090 90095 90094 91042 91040 91411 91352 91356 90041 90042 90043 90044 90045 90046 90047 90048 90049 90018 91423 90210 91303 91304 91306 91307 90079 90071 90077 90059 91608 91606 91331 91330 91335 90026 90027 90024 90025 90023 90020 90021 90028 90029 90272 90732 90731 90230 91406 91405 91403 91402 91401 91367 91364 90038 90057 90058 90744 90501 90502 90009 90030 90050 90051 90053 90054 90055 90060 90070 90072 90074 90075 90076 90078 90080 90081 90082 90083 90084 90086 90087 90088 90093 90099 90134 90189 90213 90294 90295 90296 90733 90734 90748 91041 91043 91305 91308 91309 91313 91327 91328 91329 91333 91334 91337 91346 91353 91357 91365 91392 91393 91394 91395 91396 91404 91407 91408 91409 91410 91412 91413 91416 91426 91470 91482 91495 91496 91499 91603 91609 91610 91611 91612 91614 91615 91616 91617 91618;1840020491
chicago;Chicago;IL;Illinois;17031;Cook;418.373;-876.862;8604203;4574;polygon;False;True;America/Chicago;1;60018 60649 60641 60640 60643 60642 60645 60644 60647 60646 60616 60617 60614 60615 60612 60613 60610 60611 60618 60619 60827 60638 60639 60634 60636 60637 60630 60631 60632 60633 60605 60604 60607 60606 60601 60603 60602 60609 60608 60106 60661 60660 60659 60652 60653 60651 60656 60657 60654 60655 60623 60622 60621 60620 60626 60625 60624 60629 60628 60707 60499 60664 60666 60668 60669 60670 60673 60674 60675 60677 60678 60680 60681 60682 60684 60685 60686 60687 60688 60689 60690 60694 60695 60696 60699;1840000494
chicago;Chicago;IL;Illinois;17031;Cook;418.373;-876.862;8604203;4574;polygon;False;True;America/Chicago;1;60018 60649 60641 60640 60643 60642 60645 60644 60647 60646 60616 60617 60614 60615 60612 60613 60610 60611 60618 60619 60827 60638 60639 60634 60636 60637 60630 60631 60632 60633 60605 60604 60607 60606 60601 60603 60602 60609 60608 60106 60661 60660 60659 60652 60653 60651 60656 60657 60654 60655 60623 60622 60621 60620 60626 60625 60624 60629 60628 60707 60499 60664 60666 60668 60669 60670 60673 60674 60675 60677 60678 60680 60681 60682 60684 60685 60686 60687 60688 60689 60690 60694 60695 60696 60699;1840000494
miami;Miami;FL;Florida;12086;Miami-Dade;257.839;-802.102;6445545;5019;polygon;False;True;America/New_York;1;33129 33125 33126 33127 33128 33149 33144 33145 33142 33139 33138 33137 33136 33135 33134 33133 33132 33131 33130 33150 33101 33109 33111 33151 33222 33231 33233 33238 33255 33299;1840015149
dallas;Dallas;TX;Texas;48113;Dallas;327.936;-967.662;5743938;1526;polygon;False;True;America/Chicago;1;75287 75098 75233 75254 75251 75252 75253 75032 75238 75232 75230 75231 75236 75237 75234 75235 75088 75087 75243 75246 75244 75249 75248 75051 75166 75210 75211 75212 75214 75215 75216 75217 75218 75219 75390 75182 75229 75228 75220 75223 75225 75224 75227 75226 75241 75240 75247 75270 75043 75207 75206 75205 75204 75203 75202 75201 75209 75208 75019 75221 75222 75242 75250 75260 75262 75263 75264 75266 75267 75277 75283 75284 75285 75301 75303 75312 75313 75315 75320 75336 75339 75342 75354 75355 75356 75357 75358 75359 75360 75367 75370 75371 75372 75373 75374 75376 75378 75379 75380 75382 75389 75392 75393 75394 75395 75397 75398;1840019440
philadelphia;Philadelphia;PA;Pennsylvania;42101;Philadelphia;400.077;-751.339;5649300;4554;polygon;False;True;America/New_York;1;19154 19151 19150 19153 19152 19102 19103 19106 19107 19104 19109 19128 19129 19120 19121 19122 19123 19124 19125 19126 19127 19112 19111 19115 19114 19116 19119 19118 19148 19149 19146 19147 19144 19145 19142 19143 19140 19141 19139 19138 19137 19136 19135 19134 19133 19132 19131 19130 19019 19092 19093 19099 19101 19105 19108 19110 19155 19160 19161 19162 19170 19171 19172 19173 19175 19176 19177 19178 19179 19181 19182 19183 19184 19185 19187 19188 19190 19191 19192 19193 19194 19195 19196 19197 19244 19255;1840000673
houston;Houston;TX;Texas;48201;Harris;297.863;-953.889;5464251;1399;polygon;False;True;America/Chicago;1;77069 77068 77061 77060 77063 77062 77065 77064 77067 77066 77036 77037 77034 77035 77032 77033 77030 77031 77038 77449 77489 77046 77045 77044 77040 77048 77201 77598 77018 77019 77015 77016 77017 77010 77011 77012 77013 77091 77093 77099 77053 77346 77345 77546 77547 77025 77024 77027 77026 77021 77020 77023 77022 77029 77028 77094 77096 77090 77098 77078 77079 77072 77073 77070 77071 77076 77077 77074 77075 77407 77047 77043 77041 77336 77339 77338 77003 77002 77007 77006 77005 77004 77009 77008 77571 77450 77082 77089 77088 77083 77081 77080 77087 77086 77085 77084 77092 77042 77054 77055 77056 77057 77058 77059 77396 77051 77506 77504 77001 77052 77202 77203 77204 77205 77206 77207 77208 77209 77210 77212 77213 77215 77216 77217 77218 77219 77220 77221 77222 77223 77225 77226 77227 77228 77229 77230 77231 77233 77234 77235 77236 77237 77241 77242 77243 77244 77245 77248 77249 77251 77252 77253 77254 77255 77256 77257 77259 77261 77262 77263 77266 77269 77270 77271 77272 77273 77274 77275 77282 77284 77287 77288 77289 77291 77292 77293 77297 77299 77315 77325 77411;1840020925
houston;Houston;TX;Texas;48201;Harris;297.863;-953.889;5464251;1399;polygon;False;True;America/Chicago;1;77069 77068 77061 77060 77063 77062 77065 77064 77067 77066 77036 77037 77034 77035 77032 77033 77030 77031 77038 77449 77489 77046 77045 77044 77040 77048 77201 77598 77018 77019 77015 77016 77017 77010 77011 77012 77013 77091 77093 77099 77053 77346 77345 77546 77547 77025 77024 77027 77026 77021 77020 77023 77022 77029 77028 77094 77096 77090 77098 77078 77079 77072 77073 77070 77071 77076 77077 77074 77075 77407 77047 77043 77041 77336 77339 77338 77003 77002 77007 77006 77005 77004 77009 77008 77571 77450 77082 77089 77088 77083 77081 77080 77087 77086 77085 77084 77092 77042 77054 77055 77056 77057 77058 77059 77396 77051 77506 77504 77001 77052 77202 77203 77204 77205 77206 77207 77208 77209 77210 77212 77213 77215 77216 77217 77218 77219 77220 77221 77222 77223 77225 77226 77227 77228 77229 77230 77231 77233 77234 77235 77236 77237 77241 77242 77243 77244 77245 77248 77249 77251 77252 77253 77254 77255 77256 77257 77259 77261 77262 77263 77266 77269 77270 77271 77272 77273 77274 77275 77282 77284 77287 77288 77289 77291 77292 77293 77297 77299 77315 77325 77411;1840020925
atlanta;Atlanta;GA;Georgia;13121;Fulton;337.627;-844.224;5449398;1441;polygon;False;True;America/New_York;1;30334 30331 30332 30309 30308 30305 30307 30303 30354 30327 30322 30326 30324 30319 30342 30306 30318 30316 30317 30314 30315 30312 30313 30310 30311 30363 30301 30302 30304 30321 30325 30333 30343 30348 30353 30355 30357 30361 30368 30369 30370 30371 30375 30377 30392 30394 30398 31106 31107 31126 31136 31139 31141 31193 31195 31196;1840013660
boston;Boston;MA;Massachusetts;25025;Suffolk;423.188;-710.846;4688346;5532;polygon;False;True;America/New_York;1;02120 02121 02122 02124 02125 02126 02127 02128 02129 02467 02210 02215 02119 02118 02111 02110 02113 02115 02114 02116 02199 02134 02136 02135 02132 02131 02130 02203 02163 02152 02108 02109 02112 02117 02123 02133 02137 02196 02201 02205 02206 02211 02212 02217 02222 02241 02266 02283 02284 02293 02297 02298 02455;1840000455
phoenix;Phoenix;AZ;Arizona;4013;Maricopa;335.722;-1.120.891;4219697;1253;polygon;False;True;America/Phoenix;1;85008 85009 85006 85007 85004 85083 85086 85087 85085 85383 85033 85304 85306 85308 85020 85021 85022 85023 85024 85027 85028 85029 85353 85019 85018 85013 85012 85015 85014 85017 85016 85254 85003 85044 85045 85042 85043 85040 85041 85048 85054 85037 85035 85034 85032 85031 85307 85310 85051 85050 85053 85001 85002 85005 85010 85011 85026 85030 85036 85038 85046 85060 85061 85062 85063 85064 85065 85066 85067 85068 85069 85070 85071 85072 85073 85074 85075 85076 85078 85079 85080 85082;1840020568
seattle;Seattle;WA;Washington;53033;King;476.211;-1.223.244;3789215;3469;polygon;False;True;America/Los_Angeles;1;98109 98108 98104 98107 98106 98101 98103 98102 98105 98154 98122 98121 98126 98125 98178 98174 98177 98144 98146 98195 98199 98118 98119 98116 98117 98115 98112 98164 98134 98136 98133 98111 98113 98114 98124 98127 98129 98139 98141 98145 98161 98165 98170 98175 98181 98185 98191 98194;1840021117
san francisco;San Francisco;CA;California;6075;San Francisco;377.562;-122.443;3592294;7256;polygon;False;True;America/Los_Angeles;1;94130 94131 94132 94133 94134 94109 94108 94103 94102 94105 94104 94158 94127 94124 94123 94122 94121 94129 94118 94110 94112 94116 94117 94114 94115 94111 94107 94119 94120 94125 94126 94137 94139 94140 94141 94142 94143 94144 94145 94146 94147 94151 94159 94160 94161 94163 94164 94172 94177 94188;1840021543
detroit;Detroit;MI;Michigan;26163;Wayne;423.834;-831.024;3506126;1864;polygon;False;True;America/Detroit;1;48209 48208 48201 48207 48205 48204 48203 48206 48227 48238 48239 48234 48235 48233 48202 48243 48214 48215 48216 48217 48210 48211 48212 48213 48219 48228 48224 48226 48221 48223 48231 48232 48244 48255 48260 48264 48266 48267 48268 48269 48272 48275 48277 48278 48279 48288;1840003971
san diego;San Diego;CA;California;6073;San Diego;328.312;-1.171.225;3220118;1686;polygon;False;True;America/Los_Angeles;1;92109 92108 92103 92111 92154 92110 92115 92140 92107 92106 92105 92104 92102 92071 92132 92130 92131 92134 92139 92025 92027 92147 92145 92014 92119 92117 92121 92120 92123 92122 92124 92127 92126 92129 92128 92101 92037 92173 92113 92114 92116 92038 92039 92072 92092 92093 92112 92137 92138 92142 92143 92149 92150 92152 92153 92158 92159 92160 92161 92163 92165 92166 92167 92168 92169 92170 92171 92172 92174 92175 92176 92177 92179 92182 92186 92187 92191 92192 92193 92195 92196 92197 92198 92199;1840021990
san diego;San Diego;CA;California;6073;San Diego;328.312;-1.171.225;3220118;1686;polygon;False;True;America/Los_Angeles;1;92109 92108 92103 92111 92154 92110 92115 92140 92107 92106 92105 92104 92102 92071 92132 92130 92131 92134 92139 92025 92027 92147 92145 92014 92119 92117 92121 92120 92123 92122 92124 92127 92126 92129 92128 92101 92037 92173 92113 92114 92116 92038 92039 92072 92092 92093 92112 92137 92138 92142 92143 92149 92150 92152 92153 92158 92159 92160 92161 92163 92165 92166 92167 92168 92169 92170 92171 92172 92174 92175 92176 92177 92179 92182 92186 92187 92191 92192 92193 92195 92196 92197 92198 92199;1840021990
minneapolis;Minneapolis;MN;Minnesota;27053;Hennepin;449.635;-932.678;2977172;3071;polygon;False;True;America/Chicago;1;55403 55409 55408 55407 55406 55405 55404 55402 55401 55430 55454 55455 55418 55419 55410 55411 55412 55413 55414 55415 55416 55417 55440 55458 55459 55460 55467 55470 55472 55474 55478 55479 55480 55483 55484 55485 55486 55487 55488;1840007830
tampa;Tampa;FL;Florida;12057;Hillsborough;279.942;-824.451;2908063;1353;polygon;False;True;America/New_York;1;33637 33629 33621 33620 33619 33616 33613 33610 33617 33614 33611 33612 33605 33603 33647 33609 33604 33607 33606 33602 33608 33622 33623 33630 33631 33633 33646 33650 33655 33663 33664 33672 33673 33674 33677 33679 33681 33684 33686 33689;1840015982
denver;Denver;CO;Colorado;8031;Denver;397.621;-1.048.759;2876625;1831;polygon;False;True;America/Denver;1;80264 80230 80231 80236 80237 80235 80238 80239 80123 80249 80247 80246 80290 80293 80294 80218 80219 80210 80211 80212 80216 80221 80220 80223 80222 80224 80227 80209 80207 80206 80205 80204 80202 80014 80203 80208 80217 80243 80244 80248 80250 80256 80257 80259 80261 80262 80265 80266 80271 80273 80274 80281 80291 80299;1840018789
baltimore;Baltimore;MD;Maryland;24510;Baltimore;393.051;-766.144;2106068;2830;polygon;False;True;America/New_York;1;21218 21211 21210 21213 21212 21215 21214 21217 21216 21231 21230 21239 21251 21209 21202 21206 21207 21205 21226 21201 21223 21224 21225 21229 21203 21233 21263 21264 21270 21273 21275 21278 21279 21281 21287 21290 21297 21298;1840001592
las vegas;Las Vegas;NV;Nevada;32003;Clark;362.333;-1.152.654;2104198;1773;polygon;False;True;America/Los_Angeles;1;89107 89106 89104 89102 89101 89108 89138 89130 89131 89134 89143 89146 89145 89144 89149 89124 89110 89117 89129 89128 88901 88905 89105 89114 89116 89125 89126 89127 89133 89136 89137 89140 89151 89152 89153 89155 89157 89158 89162 89163 89165 89173 89185 89195;1840020364
portland;Portland;OR;Oregon;41051;Multnomah;455.372;-122.65;2074775;1894;polygon;False;True;America/Los_Angeles;1;97227 97221 97220 97229 97203 97202 97201 97206 97205 97204 97209 97208 97266 97218 97236 97232 97233 97230 97239 97219 97214 97215 97216 97217 97210 97211 97212 97213 97207 97228 97238 97240 97242 97250 97251 97252 97253 97254 97256 97258 97280 97282 97283 97286 97290 97291 97292 97293 97294;1840019941
san antonio;San Antonio;TX;Texas;48029;Bexar;294.658;-985.253;2049293;1231;polygon;False;True;America/Chicago;1;78112 78259 78258 78252 78251 78250 78257 78256 78255 78254 78208 78201 78202 78203 78204 78205 78207 78245 78231 78230 78233 78232 78235 78234 78237 78239 78238 78209 78109 78266 78260 78219 78218 78217 78216 78215 78214 78213 78212 78211 78210 78244 78247 78240 78242 78248 78249 78073 78023 78222 78223 78220 78221 78226 78227 78224 78225 78228 78229 78206 78241 78246 78265 78268 78269 78270 78278 78279 78280 78283 78284 78285 78288 78289 78291 78292 78293 78294 78295 78296 78297 78298 78299;1840022220
st louis;St. Louis;MO;Missouri;29510;St. Louis;386.358;-902.451;2024074;1879;polygon;False;True;America/Chicago;1;63110 63111 63112 63113 63115 63116 63118 63120 63139 63107 63106 63104 63103 63102 63101 63109 63108 63155 63137 63143 63147 63150 63156 63157 63158 63160 63163 63164 63166 63169 63177 63178 63179 63180 63188 63197;1840001651
sacramento;Sacramento;CA;California;6067;Sacramento;385.667;-1.214.683;1898019;2029;polygon;False;True;America/Los_Angeles;1;95820 95838 95832 95833 95831 95834 95835 95811 95814 95815 95816 95818 95819 95828 95821 95823 95822 95825 95824 95826 95817 94203 94204 94205 94207 94208 94209 94211 94229 94230 94232 94234 94235 94236 94237 94239 94240 94244 94245 94247 94248 94249 94250 94252 94254 94256 94257 94258 94259 94261 94262 94263 94267 94268 94269 94271 94273 94274 94277 94278 94279 94280 94282 94283 94284 94285 94287 94288 94289 94290 94291 94293 94294 94295 94296 94297 94298 94299 95812 95813 95840 95851 95852 95853 95867 95894;1840021491
orlando;Orlando;FL;Florida;12095;Orange;284.772;-813.369;1822394;1003;polygon;False;True;America/New_York;1;32829 32827 32824 32822 32804 32805 32806 32807 32801 32803 32808 32839 32835 32832 32819 32811 32814 32812 32802 32853 32854 32856 32861 32862 32872 32877 32885 32886 32891 32896 32897;1840015099
san jose;San Jose;CA;California;6085;Santa Clara;373.019;-1.218.486;1798103;2218;polygon;False;True;America/Los_Angeles;1;95118 95128 95124 95125 95123 95008 95002 95117 95116 95111 95110 95113 95112 95119 95126 95127 95120 95121 95148 95133 95132 95131 95130 95136 95135 95134 95139 95138 95037 95013 95129 95122 95101 95103 95106 95109 95115 95141 95150 95151 95153 95154 95155 95156 95157 95158 95159 95160 95161 95164 95172 95173 95190 95191 95192 95193 95194 95196;1840021570
cleveland;Cleveland;OH;Ohio;39035;Cuyahoga;414.767;-816.804;1710093;1893;polygon;False;True;America/New_York;1;44135 44128 44119 44113 44112 44111 44110 44115 44114 44144 44127 44120 44104 44105 44106 44101 44102 44103 44108 44109 44181 44190 44191 44192 44193 44194 44195 44197 44198 44199;1840000596
pittsburgh;Pittsburgh;PA;Pennsylvania;42003;Allegheny;404.396;-799.762;1703266;2093;polygon;False;True;America/New_York;1;15216 15217 15214 15212 15213 15210 15211 15218 15219 15290 15232 15233 15260 15205 15204 15207 15206 15201 15203 15208 15224 15234 15222 15221 15220 15226 15120 15230 15240 15250 15251 15252 15253 15254 15255 15257 15258 15259 15261 15262 15264 15265 15267 15270 15272 15274 15279 15281 15282 15286 15289 15295;1840001254
austin;Austin;TX;Texas;48453;Travis;303.004;-977.522;1687311;1181;polygon;False;True;America/Chicago;1;78749 78748 78741 78742 78745 78744 78747 78746 78717 78712 78719 78617 78739 78735 78730 78731 78732 78733 78705 78704 78701 78703 78702 78758 78759 78752 78753 78750 78751 78756 78757 78754 78652 78723 78722 78721 78727 78726 78725 78724 78729 78728 73301 73344 78651 78680 78708 78709 78710 78711 78713 78714 78715 78718 78720 78755 78760 78761 78762 78763 78765 78766 78767 78768 78772 78773 78774 78778 78779 78783 78799;1840019590
kansas city;Kansas City;MO;Missouri;29095;Jackson;391.239;-945.541;1636715;607;polygon;False;True;America/Chicago;1;64161 64163 64165 64167 64053 64151 64153 64155 64154 64157 64156 64158 64108 64109 64102 64106 64105 64101 64128 64129 64124 64125 64126 64127 64120 64123 64164 64166 64192 64119 64118 64114 64117 64116 64111 64110 64113 64112 64132 64130 64146 64145 64149 64147 64139 64138 64133 64131 64137 64136 64134 64121 64141 64148 64162 64170 64171 64179 64180 64184 64187 64188 64191 64195 64196 64197 64198 64199 64999;1840008535
indianapolis;Indianapolis;IN;Indiana;18097;Marion;397.771;-861.458;1588961;935;polygon;False;True;America/Indiana/Indianapolis;1;46218 46219 46217 46214 46260 46268 46224 46228 46183 46231 46234 46235 46236 46237 46239 46250 46208 46201 46203 46202 46205 46204 46256 46254 46259 46227 46226 46225 46222 46221 46220 46229 46113 46278 46241 46240 46206 46207 46209 46230 46242 46244 46247 46251 46253 46255 46262 46277 46282 46283 46285 46288 46298;1840030084
columbus;Columbus;OH;Ohio;39049;Franklin;399.862;-82.985;1562009;1582;polygon;False;True;America/New_York;1;43026 43109 43054 43220 43221 43222 43223 43224 43081 43228 43227 43211 43213 43212 43215 43214 43217 43219 43002 43004 43068 43085 43240 43229 43235 43232 43231 43230 43119 43110 43017 43016 43137 43210 43202 43203 43201 43206 43207 43204 43205 43209 43218 43236 43251 43260 43266 43268 43270 43271 43272 43279 43287 43291;1840003760
charlotte;Charlotte;NC;North Carolina;37119;Mecklenburg;35.208;-808.304;1512923;1113;polygon;False;True;America/New_York;1;28269 28262 28105 28280 28282 28209 28208 28205 28204 28207 28206 28203 28202 28227 28226 28278 28270 28273 28277 28134 28216 28217 28214 28215 28212 28213 28210 28211 28244 28126 28130 28201 28218 28219 28220 28221 28222 28223 28224 28228 28229 28230 28231 28232 28233 28234 28235 28237 28241 28242 28243 28246 28247 28253 28254 28255 28256 28258 28260 28263 28265 28266 28271 28272 28274 28275 28281 28284 28285 28287 28288 28289 28290 28296 28297 28299;1840014557
milwaukee;Milwaukee;WI;Wisconsin;55079;Milwaukee;430.642;-879.673;1365787;2369;polygon;False;True;America/Chicago;1;53203 53202 53207 53206 53205 53204 53209 53208 53233 53211 53218 53219 53214 53215 53216 53210 53212 53213 53295 53225 53224 53227 53226 53221 53220 53223 53222 53228 53201 53237 53259 53263 53274 53278 53288 53290 53293;1840003046
providence;Providence;RI;Rhode Island;44007;Providence;41.823;-714.187;1203230;3773;polygon;False;True;America/New_York;1;02903 02906 02907 02905 02908 02909 02904 02912 02901 02902 02918 02940;1840003289
jacksonville;Jacksonville;FL;Florida;12031;Duval;303.322;-816.749;1181496;470;polygon;False;True;America/New_York;1;32224 32225 32226 32227 32220 32221 32222 32223 32228 32219 32218 32217 32216 32211 32210 32212 32246 32244 32233 32234 32209 32205 32202 32250 32254 32257 32256 32208 32206 32207 32258 32277 32204 32099 32201 32203 32214 32229 32231 32232 32235 32236 32238 32239 32241 32245 32247 32255;1840015031
salt lake city;Salt Lake City;UT;Utah;49035;Salt Lake;407.777;-1.119.306;1098526;699;polygon;False;True;America/Denver;1;84116 84115 84113 84112 84111 84144 84128 84180 84108 84101 84102 84103 84104 84105 84106 84110 84114 84122 84132 84133 84134 84138 84139 84143 84145 84147 84148 84150 84151 84152 84158 84199;1840021383
nashville;Nashville;TN;Tennessee;47037;Davidson;361.715;-867.843;1081903;544;polygon;False;True;America/Chicago;1;37027 37138 37076 37072 37205 37201 37206 37240 37243 37246 37080 37218 37219 37216 37217 37214 37215 37212 37213 37210 37211 37189 37209 37208 37204 37207 37203 37115 37013 37228 37221 37220 37143 37011 37116 37202 37222 37224 37227 37229 37230 37232 37234 37235 37236 37238 37241 37242 37244 37250;1840036155
richmond;Richmond;VA;Virginia;51760;Richmond;375.295;-774.756;1075798;1484;polygon;False;True;America/New_York;1;23222 23223 23220 23221 23226 23227 23224 23225 23230 23235 23234 23219 23173 23218 23232 23249 23260 23261 23269 23274 23276 23278 23282 23284 23285 23286 23289 23290 23291 23292 23295 23298;1840001698
memphis;Memphis;TN;Tennessee;47157;Shelby;351.046;-899.773;1066967;792;polygon;False;True;America/Chicago;1;38120 38127 38107 38106 38105 38104 38103 38109 38108 38152 38132 38133 38131 38134 38141 38112 38111 38114 38115 38116 38117 38118 38119 38018 38016 38128 38122 38125 38126 37501 37544 38088 38101 38113 38124 38130 38136 38137 38145 38148 38150 38151 38157 38159 38161 38163 38166 38168 38173 38174 38175 38177 38181 38182 38184 38186 38187 38188 38190 38193 38194 38197;1840015457
raleigh;Raleigh;NC;North Carolina;37183;Wake;358.325;-786.435;1038738;1254;polygon;False;True;America/New_York;1;27617 27616 27615 27614 27613 27612 27610 27608 27609 27601 27603 27604 27605 27606 27607 27602 27619 27620 27621 27622 27624 27626 27627 27628 27634 27636 27640 27650 27656 27658 27661 27668 27675 27676 27690 27697 27698;1840014497
new orleans;New Orleans;LA;Louisiana;22071;Orleans;300.687;-899.288;1020886;889;polygon;False;True;America/Chicago;1;70139 70130 70131 70114 70115 70116 70117 70112 70113 70118 70119 70129 70128 70125 70124 70127 70126 70122 70163 70142 70145 70146 70148 70150 70151 70152 70153 70154 70156 70157 70158 70159 70160 70161 70162 70164 70165 70166 70167 70170 70172 70174 70175 70176 70177 70178 70179 70181 70182 70184 70185 70186 70187 70189 70190 70195;1840001839
louisville;Louisville;KY;Kentucky;21111;Jefferson;381.663;-856.485;1005654;905;polygon;False;True;America/New_York;1;40177 40245 40241 40218 40219 40214 40216 40211 40213 40059 40291 40299 40220 40223 40222 40229 40228 40023 40272 40207 40209 40258 40118 40027 40225 40261 40268 40269 40281;1840030815
oklahoma city;Oklahoma City;OK;Oklahoma;40109;Oklahoma;354.676;-975.136;972943;417;polygon;False;True;America/Chicago;2;73012 73013 73099 73097 73119 73118 73114 73117 73116 73111 73112 73020 73173 74857 73142 73141 73145 73149 73078 73109 73106 73107 73139 73132 73131 73135 73134 73008 73084 73105 73169 73162 73165 73102 73103 73054 73151 73150 73159 73064 73108 73104 73129 73179 73170 73049 73127 73120 73121 73122 73128 73101 73113 73124 73125 73126 73136 73137 73143 73144 73146 73147 73148 73152 73154 73155 73157 73163 73164 73167 73172 73178 73184 73189 73190 73194 73195;1840020428
buffalo;Buffalo;NY;New York;36029;Erie;429.016;-788.487;914341;2441;polygon;False;True;America/New_York;2;14208 14209 14202 14203 14201 14206 14207 14204 14220 14222 14218 14211 14210 14213 14212 14215 14214 14216 14205 14233 14240 14263 14264 14267 14269 14270 14272 14273 14276 14280;1840000386
tucson;Tucson;AZ;Arizona;4019;Pima;321.545;-1.108.782;888486;889;polygon;False;True;America/Phoenix;2;85705 85707 85706 85756 85723 85726 85724 85701 85708 85711 85748 85745 85747 85716 85714 85715 85712 85713 85710 85719 85730 85702 85703 85709 85717 85720 85721 85722 85725 85731 85732 85738 85751 85754 85775;1840022101
omaha;Omaha;NE;Nebraska;31055;Douglas;412.627;-960.522;847819;1309;polygon;False;True;America/Chicago;2;68112 68117 68118 68107 68104 68105 68108 68178 68164 68122 68127 68124 68022 68111 68110 68114 68116 68137 68135 68132 68144 68134 68131 68130 68102 68106 68152 68154 68101 68103 68109 68119 68139 68145 68172 68175 68176 68179 68180 68182 68183 68197 68198;1840009315
el paso;El Paso;TX;Texas;48141;El Paso;318.479;-1.064.309;843386;1022;polygon;False;True;America/Denver;2;79901 79902 79903 79904 79905 79906 79907 79930 79932 79935 79934 79936 79912 79911 79835 79922 79920 79927 79924 79925 79915 79910 79913 79914 79917 79923 79926 79931 79937 79940 79941 79943 79944 79945 79946 79947 79948 79949 79950 79951 79952 79953 79954 79955 79958 79960 79961 79968 79976 79978 79980 79995 79996 79997 79998 79999 88540 88541 88542 88543 88544 88545 88546 88547 88548 88549 88550 88553 88554 88555 88556 88557 88558 88559 88560 88561 88562 88563 88565 88566 88567 88568 88569 88570 88571 88572 88573 88574 88575 88576 88577 88578 88579 88580 88581 88582 88583 88584 88585 88586 88588 88590 88595;1840023252
honolulu;Honolulu;HI;Hawaii;15003;Honolulu;213.294;-157.846;820987;2200;polygon;False;True;Pacific/Honolulu;2;96859 96850 96822 96826 96813 96815 96814 96817 96816 96819 96818 96801 96802 96803 96804 96805 96806 96807 96808 96809 96810 96811 96812 96820 96823 96828 96830 96836 96837 96838 96839 96840 96841 96843 96844 96846 96847 96848 96849 96858 96898;1840013305
mcallen;McAllen;TX;Texas;48215;Hidalgo;262.273;-982.471;804114;841;polygon;False;True;America/Chicago;2;78573 78504 78503 78501 78502 78505;1840021024
albuquerque;Albuquerque;NM;New Mexico;35001;Bernalillo;351.053;-1.066.464;761195;1155;polygon;False;True;America/Denver;2;87121 87120 87123 87112 87113 87110 87111 87116 87114 87109 87108 87102 87105 87104 87107 87106 87103 87119 87125 87131 87153 87154 87158 87181 87184 87187 87190 87191 87192 87194 87196 87197 87198 87199;1840019176
birmingham;Birmingham;AL;Alabama;1073;Jefferson;335.277;-867.987;739573;553;polygon;False;True;America/Chicago;2;35218 35214 35215 35217 35210 35211 35212 35213 35243 35242 35224 35221 35222 35228 35203 35207 35206 35205 35204 35209 35208 35254 35068 35061 35234 35235 35233 35201 35202 35220 35232 35237 35238 35246 35249 35255 35259 35261 35270 35282 35283 35285 35287 35290 35291 35292 35294 35295 35297 35298;1840006507
sarasota;Sarasota;FL;Florida;12115;Sarasota;273.386;-825.431;722243;1528;polygon;False;True;America/New_York;2;34232 34234 34237 34236 34239 34276;1840015988
dayton;Dayton;OH;Ohio;39113;Montgomery;397.797;-841.998;718353;978;polygon;False;True;America/New_York;2;45432 45402 45403 45406 45404 45405 45409 45428 45420 45424 45410 45414 45417 45419 45377 45401 45412 45422 45423 45481 45490;1840034249
rochester;Rochester;NY;New York;36055;Monroe;43.168;-776.162;703952;2220;polygon;False;True;America/New_York;2;14608 14609 14606 14604 14605 14607 14627 14620 14621 14619 14615 14614 14617 14611 14610 14613 14612 14602 14603 14638 14639 14642 14643 14644 14646 14647 14649 14650 14651 14653;1840000373
fresno;Fresno;CA;California;6019;Fresno;367.831;-1.197.941;703498;1789;polygon;False;True;America/Los_Angeles;2;93730 93650 93702 93703 93701 93706 93704 93705 93728 93720 93721 93722 93726 93727 93711 93710 93707 93708 93709 93714 93715 93716 93717 93718 93724 93729 93737 93740 93744 93745 93750 93755 93760 93761 93764 93765 93771 93772 93774 93775 93776 93777 93778 93779 93790 93791 93792 93793 93794 93844;1840020319
allentown;Allentown;PA;Pennsylvania;42077;Lehigh;405.961;-754.756;683794;2672;polygon;False;True;America/New_York;2;18105 18104 18101 18103 18102 18109 18001;1840001044
tulsa;Tulsa;OK;Oklahoma;40143;Tulsa;361.284;-959.042;671033;784;polygon;False;True;America/Chicago;2;74133 74134 74135 74132 74130 74136 74137 74145 74127 74112 74114 74115 74117 74119 74015 74105 74129 74128 74120 74126 74110 74116 74107 74106 74104 74103 74146 74108 74101 74121 74141 74147 74148 74149 74150 74152 74153 74155 74156 74158 74159 74169 74170 74171 74172 74182 74186 74187 74192 74193;1840021672
colorado springs;Colorado Springs;CO;Colorado;8041;El Paso;388.674;-1.047.606;642413;946;polygon;False;True;America/Denver;2;80951 80909 80904 80905 80906 80907 80903 80939 80938 80910 80917 80916 80915 80914 80919 80918 80927 80924 80925 80922 80923 80920 80921 80929 80901 80932 80934 80935 80936 80937 80941 80942 80946 80947 80949 80950 80960 80962 80977 80995 80997;1840018825
charleston;Charleston;SC;South Carolina;45019;Charleston;328.153;-799.628;628377;480;polygon;False;True;America/New_York;2;29414 29424 29455 29407 29401 29403 29409 29492 29412 29402 29413 29417 29422 29425 29457;1840015163
grand rapids;Grand Rapids;MI;Michigan;26081;Kent;42.962;-856.562;609314;1734;polygon;False;True;America/Detroit;2;49546 49507 49506 49505 49504 49503 49508 49501 49502 49514 49515 49523 49555 49588 49599;1840002928
albany;Albany;NY;New York;36001;Albany;426.664;-737.987;586383;1740;polygon;False;True;America/New_York;2;12208 12209 12204 12206 12207 12202 12203 12205 12210 12222 12201 12223 12226 12228 12229 12230 12231 12232 12233 12234 12235 12236 12237 12238 12239 12240 12241 12242 12243 12244 12245 12246 12248 12250 12255 12257 12260 12261;1840000417
knoxville;Knoxville;TN;Tennessee;47093;Knox;359.692;-839.496;586048;733;polygon;False;True;America/New_York;2;37918 37912 37909 37902 37924 37920 37921 37922 37923 37919 37915 37914 37917 37916 37901 37927 37928 37929 37939 37950 37995 37996 37997;1840014486
bakersfield;Bakersfield;CA;California;6029;Kern;353.529;-1.190.359;579295;990;polygon;False;True;America/Los_Angeles;2;93306 93307 93304 93305 93301 93309 93314 93311 93313 93312 93302 93383 93384 93385 93387 93389 93390;1840019148
baton rouge;Baton Rouge;LA;Louisiana;22033;East Baton Rouge;304.418;-91.131;570308;983;polygon;False;True;America/Chicago;2;70836 70808 70809 70802 70803 70801 70806 70807 70805 70820 70819 70811 70815 70814 70816 70804 70813 70821 70822 70823 70825 70827 70831 70833 70835 70873 70874 70891 70892 70893 70894 70895 70898;1840013941
akron;Akron;OH;Ohio;39153;Summit;410.798;-815.219;565208;1231;polygon;False;True;America/New_York;2;44306 44307 44304 44305 44302 44303 44301 44308 44320 44311 44310 44313 44312 44319 44314 44309 44315 44316 44317 44325 44326 44328 44334 44396 44398;1840000791
columbia;Columbia;SC;South Carolina;45079;Richland;340.376;-809.037;560041;373;polygon;False;True;America/New_York;2;29202 29203 29205 29201 29207 29204 29208 29209 29212 29225 29229 29147 29210 29206 29214 29215 29216 29217 29218 29220 29224 29226 29240 29250;1840014730
worcester;Worcester;MA;Massachusetts;25027;Worcester;422.705;-718.079;498328;1916;polygon;False;True;America/New_York;2;01610 01608 01609 01602 01603 01604 01605 01606 01607 01601 01613 01614 01615 01653 01655;1840000434
wichita;Wichita;KS;Kansas;20173;Sedgwick;376.896;-973.442;482249;931;polygon;False;True;America/Chicago;2;67230 67235 67260 67217 67216 67215 67214 67213 67212 67211 67210 67219 67218 67223 67220 67226 67202 67203 67204 67205 67206 67207 67208 67209 67201 67275 67276 67277 67278;1840001686
toledo;Toledo;OH;Ohio;39095;Lucas;416.639;-835.822;482111;1308;polygon;False;True;America/New_York;2;43615 43611 43613 43612 43614 43608 43610 43606 43607 43604 43605 43609 43620 43623 43601 43603 43635 43652 43656 43657 43659 43660 43661 43666 43667 43681 43682 43697 43699;1840000572
des moines;Des Moines;IA;Iowa;19153;Polk;415.725;-936.105;473957;938;polygon;False;True;America/Chicago;2;50309 50312 50314 50316 50317 50310 50311 50313 50319 50321 50320 50315 50301 50302 50303 50304 50305 50306 50307 50308 50318 50328 50329 50330 50331 50332 50335 50340 50380 50381 50391 50392 50393 50394 50395 50396 50936 50940 50947 50950 50980 50981 50982 50983;1840007069
long beach;Long Beach;CA;California;6037;Los Angeles;337.981;-1.181.675;462628;3523;polygon;False;True;America/Los_Angeles;2;90822 90804 90805 90806 90807 90802 90803 90808 90831 90814 90813 90810 90815 90801 90832 90833 90840 90842 90844 90846 90847 90848 90853;1840020490
madison;Madison;WI;Wisconsin;55025;Dane;430.826;-893.931;447245;1263;polygon;False;True;America/Chicago;2;53706 53704 53705 53703 53726 53792 53719 53718 53715 53714 53717 53716 53711 53713 53701 53707 53708 53725 53774 53777 53782 53783 53784 53785 53786 53788 53790 53793 53794;1840002915
reno;Reno;NV;Nevada;32031;Washoe;395.497;-1.198.483;445020;907;polygon;False;True;America/Los_Angeles;2;89521 89523 89439 89503 89502 89501 89506 89509 89508 89519 89512 89505 89507 89533 89555 89557 89595 89599;1840020121
harrisburg;Harrisburg;PA;Pennsylvania;42043;Dauphin;402.752;-768.843;442289;2343;polygon;False;True;America/New_York;2;17101 17102 17103 17104 17120 17110 17105 17108 17121 17122 17123 17124 17125 17126 17127 17128 17129 17130;1840001288
little rock;Little Rock;AR;Arkansas;5119;Pulaski;347.256;-923.576;439815;634;polygon;False;True;America/Chicago;2;72211 72210 72212 72223 72209 72202 72201 72206 72207 72204 72205 72103 72227 72215 72217 72219 72222 72225 72231 72255 72260 72295;1840015509
oakland;Oakland;CA;California;6001;Alameda;377.903;-1.222.165;433031;2991;polygon;False;True;America/Los_Angeles;2;94621 94705 94704 94611 94610 94613 94619 94612 94618 94606 94607 94602 94603 94601 94609 94605 94608 94604 94614 94615 94617 94620 94622 94623 94624 94649 94659 94660 94661 94666;1840020296
chattanooga;Chattanooga;TN;Tennessee;47065;Hamilton;350.657;-852.488;415501;493;polygon;False;True;America/New_York;2;37415 37416 37410 37411 37419 37409 37421 37363 37408 37403 37402 37407 37405 37406 37404 37343 37351 37350 37401 37414 37424 37450;1840014569
spokane;Spokane;WA;Washington;53063;Spokane;476.671;-117.433;412275;1247;polygon;False;True;America/Los_Angeles;2;99201 99203 99202 99205 99204 99207 99208 99224 99223 99001 99212 99209 99210 99219 99220 99252 99256 99258 99260;1840021093
syracuse;Syracuse;NY;New York;36067;Onondaga;430.409;-761.438;404223;2195;polygon;False;True;America/New_York;2;13210 13214 13290 13224 13207 13206 13205 13204 13203 13202 13208 13201 13217 13218 13221 13235 13244 13252 13261;1840000378
augusta;Augusta;GA;Georgia;13245;Richmond;333.645;-820.708;390809;252;polygon;False;True;America/New_York;2;30912 30815 30812 30907 30906 30904 30901 30905 30909 30805 30914 30916 30917 30919 30999;1840029462
boise;Boise;ID;Idaho;16001;Ada;436.007;-1.162.312;389280;1056;polygon;False;True;America/Boise;2;83703 83702 83705 83704 83709 83716 83706 83712 83713 83701 83708 83715 83717 83720 83722 83724 83725 83728 83729 83735 83756 83799;1840027142
pensacola;Pensacola;FL;Florida;12033;Escambia;304.427;-871.886;346921;903;polygon;False;True;America/Chicago;2;32501 32504 32503 32502 32513 32522 32524 32591;1840015005
greensboro;Greensboro;NC;North Carolina;37081;Guilford;360.956;-798.269;343090;887;polygon;False;True;America/New_York;2;27410 27455 27214 27408 27409 27403 27401 27406 27407 27405 27402 27404 27411 27412 27413 27417 27420 27427 27429 27435 27438 27495 27497 27498 27499;1840013356
corpus christi;Corpus Christi;TX;Texas;48355;Nueces;27.726;-973.755;342464;789;polygon;False;True;America/Chicago;2;78373 78408 78409 78406 78407 78404 78405 78402 78401 78419 78418 78414 78417 78416 78411 78410 78413 78412 78403 78426 78427 78460 78463 78465 78466 78467 78468 78469 78472 78480;1840019718
fort wayne;Fort Wayne;IN;Indiana;18003;Allen;410.886;-851.437;334122;943;polygon;False;True;America/Indiana/Indianapolis;2;46835 46845 46818 46814 46815 46816 46803 46802 46807 46806 46805 46804 46809 46808 46825 46801 46850 46851 46852 46853 46854 46855 46856 46857 46858 46859 46860 46861 46862 46863 46864 46865 46866 46867 46868 46869 46885 46895 46897;1840008261
santa ana;Santa Ana;CA;California;6059;Orange;337.366;-1.178.819;332318;4689;polygon;False;True;America/Los_Angeles;2;92703 92701 92705 92704 92707 92706 92702 92712 92735 92799;1840021964
flint;Flint;MI;Michigan;26049;Genesee;430.235;-836.922;332190;1103;polygon;False;True;America/Detroit;2;48553 48551 48504 48505 48506 48507 48502 48503 48550 48552 48556 48557;1840002949
fayetteville;Fayetteville;NC;North Carolina;37051;Cumberland;350.846;-789.776;327435;552;polygon;False;True;America/New_York;2;28304 28305 28306 28307 28301 28303 28308 28390 28311 28310 28314 28302 28309;1840013490
jackson;Jackson;MS;Mississippi;28049;Hinds;323.163;-902.124;325350;558;polygon;False;True;America/Chicago;2;39272 39206 39204 39203 39202 39201 39209 39269 39174 39211 39212 39213 39216 39217 39060 39205 39207 39210 39215 39225 39236 39250 39271 39282 39283 39284 39286 39289 39296 39298;1840014895
lansing;Lansing;MI;Michigan;26065;Ingham;427.142;-845.601;324286;1164;polygon;False;True;America/Detroit;2;48933 48915 48912 48911 48910 48921 48906 48901 48909 48916 48919 48922 48924 48929 48930 48937 48951 48956;1840003102
san juan;San Juan;PR;Puerto Rico;72127;San Juan;184.037;-660.636;323279;3157;polygon;False;False;America/Puerto_Rico;2;00918 00913 00911 00917 00915 00912 00926 00927 00924 00925 00923 00920 00921 00906 00907 00901 00909 00936 00969 00902 00908 00910 00919 00922 00928 00929 00930 00931 00935 00937 00939 00940 00955 00975;1630035577
lexington;Lexington;KY;Kentucky;21067;Fayette;380.423;-844.587;323152;439;polygon;False;True;America/New_York;2;40505 40506 40508 40509 40504 40507 40502 40503 40517 40516 40513 40511 40510 40515 40514 40512 40522 40523 40524 40526 40533 40536 40544 40546 40550 40555 40574 40575 40576 40577 40578 40579 40580 40581 40582 40583 40588 40591 40598;1840015211
huntsville;Huntsville;AL;Alabama;1089;Madison;346.988;-866.412;319249;361;polygon;False;True;America/Chicago;2;35801 35803 35802 35805 35806 35741 35824 35763 35757 35756 35810 35811 35816 35896 35762 35804 35807 35809 35814 35815 35893 35894 35895 35897 35899;1840005061
mobile;Mobile;AL;Alabama;1097;Mobile;306.783;-881.162;315502;522;polygon;False;True;America/Chicago;2;36606 36607 36604 36605 36602 36603 36608 36609 36688 36582 36615 36617 36611 36610 36619 36618 36695 36693 36571 36601 36628 36633 36640 36641 36644 36652 36660 36670 36675 36689 36691;1840006009
asheville;Asheville;NC;North Carolina;37021;Buncombe;355.704;-825.536;312507;786;polygon;False;True;America/New_York;2;28806 28805 28804 28803 28801 28776 28810 28814 28815 28816;1840013411
trenton;Trenton;NJ;New Jersey;34021;Mercer;402.236;-747.641;290716;4238;polygon;False;True;America/New_York;2;08638 08611 08618 08629 08609 08608 08601 08603 08604 08605 08607 08625 08645 08646 08647 08666 08695;1840001383
lincoln;Lincoln;NE;Nebraska;31109;Lancaster;40.809;-966.788;289490;1160;polygon;False;True;America/Chicago;2;68528 68524 68526 68520 68521 68522 68516 68510 68512 68506 68507 68504 68505 68502 68503 68508 68509 68529 68542 68544 68583 68588;1840009357
springfield;Springfield;MO;Missouri;29077;Greene;371.943;-932.916;288090;786;polygon;False;True;America/Chicago;2;65810 65802 65803 65804 65806 65807 65809 65805 65808 65814 65817 65890 65897 65898 65899;1840009904
anchorage;Anchorage;AK;Alaska;2020;Anchorage;611.508;-1.491.091;288000;65;polygon;False;True;America/Anchorage;2;99518 99515 99517 99516 99513 99540 99567 99587 99508 99506 99507 99504 99505 99502 99503 99501 99577 99509 99511 99514 99520 99521 99522 99523 99524 99529 99530 99599;1840023385
newark;Newark;NJ;New Jersey;34013;Essex;407.245;-741.725;282011;4509;polygon;False;True;America/New_York;2;07103 07102 07105 07104 07107 07106 07108 07112 07114 07101 07175 07188 07191 07192 07193 07195 07198 07199;1840002791
south bend;South Bend;IN;Indiana;18141;St. Joseph;416.767;-862.696;280498;938;polygon;False;True;America/Indiana/Indianapolis;2;46601 46635 46628 46616 46614 46615 46613 46619 46617 46624 46626 46634 46660 46680 46699;1840009241
shreveport;Shreveport;LA;Louisiana;22017;Caddo;324.656;-937.956;280062;672;polygon;False;True;America/Chicago;2;71129 71101 71103 71104 71105 71106 71107 71108 71109 71119 71118 71102 71120 71130 71133 71134 71135 71136 71138 71148 71149 71150 71151 71152 71153 71154 71156 71161 71162 71163 71164 71165 71166;1840015768
savannah;Savannah;GA;Georgia;13051;Chatham;320.281;-811.784;276295;536;polygon;False;True;America/New_York;2;31322 31409 31408 31401 31405 31404 31407 31406 31419 31415 31403 31412 31416 31418 31420 31421;1840015830
myrtle beach;Myrtle Beach;SC;South Carolina;45051;Horry;337.096;-788.843;275579;568;polygon;False;True;America/New_York;2;29572 29577 29578;1840014717
eugene;Eugene;OR;Oregon;41039;Lane;440.563;-1.231.173;273439;1510;polygon;False;True;America/Los_Angeles;2;97405 97404 97401 97403 97402 97440;1840020007
lubbock;Lubbock;TX;Texas;48303;Lubbock;335.659;-1.018.878;267648;741;polygon;False;True;America/Chicago;2;79406 79423 79424 79416 79412 79413 79410 79411 79414 79404 79407 79401 79403 79415 79402 79408 79409 79430 79452 79453 79457 79464 79490 79491 79493 79499;1840020604
lafayette;Lafayette;LA;Louisiana;22055;Lafayette;302.084;-920.323;264357;877;polygon;False;True;America/Chicago;2;70508 70507 70506 70503 70501 70502 70504 70505 70509 70593 70596 70598;1840015044
laredo;Laredo;TX;Texas;48479;Webb;275.629;-994.875;262491;958;polygon;False;True;America/Chicago;2;78046 78045 78043 78040 78041 78042;1840021002
columbus;Columbus;GA;Georgia;13215;Muscogee;32.51;-848.771;261445;349;polygon;False;True;America/New_York;2;31829 31820 31909 31904 31905 31906 31907 31901 31903 31808 31902 31908 31914 31917 31993 31995 31997 31998 31999;1840014887
killeen;Killeen;TX;Texas;48027;Bell;310.754;-977.296;258009;1073;polygon;False;True;America/Chicago;2;76541 76543 76542 76549 76540 76547;1840020854
tallahassee;Tallahassee;FL;Florida;12073;Leon;304.551;-842.526;257601;747;polygon;False;True;America/New_York;2;32311 32312 32399 32304 32303 32301 32309 32308 32302 32306 32307 32313 32314 32315 32316 32318;1840015913
peoria;Peoria;IL;Illinois;17143;Peoria;40.752;-896.153;256286;888;polygon;False;True;America/Chicago;2;61625 61606 61615 61614 61605 61602 61603 61604 61601 61613 61629 61630 61634 61636 61637 61638 61639 61643 61651 61652 61653 61654 61655 61656;1840009373
wilmington;Wilmington;NC;North Carolina;37129;New Hanover;34.21;-778.866;255616;929;polygon;False;True;America/New_York;2;28409 28401 28405 28403 28412 28402 28406 28408;1840015576
montgomery;Montgomery;AL;Alabama;1101;Montgomery;323.473;-862.666;254634;479;polygon;False;True;America/Chicago;2;36064 36112 36113 36110 36111 36117 36115 36116 36108 36105 36104 36106 36109 36107 36101 36114 36118 36120 36121 36123 36124 36125 36130 36131 36132 36135 36140 36141 36142 36177 36191;1840008353
norfolk;Norfolk;VA;Virginia;51710;Norfolk;368.945;-76.259;242742;1759;polygon;False;True;America/New_York;2;23509 23508 23507 23504 23503 23502 23505 23518 23510 23513 23517 23551 23523 23511 23501 23506 23514 23515 23519 23529 23541;1840003869
atlantic city;Atlantic City;NJ;New Jersey;34001;Atlantic;393.797;-744.527;237054;1354;polygon;False;True;America/New_York;2;08401 08404 08405;1840003798
arlington;Arlington;VA;Virginia;51013;Arlington;388.786;-771.011;233464;3467;polygon;False;False;America/New_York;2;22209 22203 22202 22201 22207 22206 22205 22204 22214 22211 22213 20406 22210 22212 22215 22216 22217 22219 22225 22226 22227 22230 22240 22241 22242 22243 22244 22245 22246;1840006112
evansville;Evansville;IN;Indiana;18163;Vanderburgh;379.881;-875.341;230427;962;polygon;False;True;America/Chicago;2;47708 47714 47715 47710 47711 47713 47701 47702 47703 47704 47705 47706 47716 47719 47722 47724 47728 47730 47731 47732 47733 47734 47735 47736 47737 47740 47747 47750;1840013730
brownsville;Brownsville;TX;Texas;48061;Cameron;25.998;-974.565;227239;533;polygon;False;True;America/Matamoros;2;78521 78520 78526 78575 78578;1840019743
appleton;Appleton;WI;Wisconsin;55087;Outagamie;442.779;-883.891;220570;1156;polygon;False;True;America/Chicago;2;54914 54915 54913 54911 54912 54919;1840002400
college station;College Station;TX;Texas;48041;Brazos;305.852;-96.296;215243;890;polygon;False;True;America/Chicago;2;77845 77840 77841 77842 77843 77844 77881;1840019570
kalamazoo;Kalamazoo;MI;Michigan;26077;Kalamazoo;422.749;-855.882;215193;1192;polygon;False;True;America/Detroit;2;49001 49006 49007 49008 49074 49005 49019;1840003185
roanoke;Roanoke;VA;Virginia;51770;Roanoke;372.785;-79.958;214674;900;polygon;False;True;America/New_York;2;24014 24015 24016 24017 24011 24012 24013 24001 24002 24003 24004 24005 24006 24007 24008 24009 24010 24022 24023 24024 24025 24026 24027 24028 24029 24030 24031 24032 24033 24034 24035 24036 24037 24038 24040 24042 24043;1840003858
fargo;Fargo;ND;North Dakota;38017;Cass;468.652;-968.292;208675;967;polygon;False;True;America/Chicago;2;58102 58104 58103 58105 58106 58107 58108 58109 58121 58122 58124 58125 58126;1840000177
green bay;Green Bay;WI;Wisconsin;55009;Brown;44.515;-879.896;207557;887;polygon;False;True;America/Chicago;2;54311 54302 54304 54303 54301 54305 54306 54308;1840002344
amarillo;Amarillo;TX;Texas;48375;Potter;351.988;-1.018.311;205603;756;polygon;False;True;America/Chicago;2;79121 79109 79101 79102 79103 79104 79106 79107 79118 79111 79110 79114 79116 79117 79120 79166 79168 79172 79174 79178 79189;1840019156
portland;Portland;ME;Maine;23005;Cumberland;436.773;-702.715;203969;1185;polygon;False;True;America/New_York;2;04101 04102 04103 04108 04019 04109 04104 04112 04116 04122 04123 04124;1840000327
santa barbara;Santa Barbara;CA;California;6083;Santa Barbara;344.285;-1.197.202;202401;1808;polygon;False;True;America/Los_Angeles;2;93105 93101 93103 93109 93102 93106 93120 93121 93130 93140 93190;1840021829
gainesville;Gainesville;FL;Florida;12001;Alachua;296.804;-823.458;202335;820;polygon;False;True;America/New_York;2;32609 32607 32612 32653 32608 32603 32601 32605 32604 32610 32611 32614 32627 32635;1840014022
waco;Waco;TX;Texas;48309;McLennan;315.598;-971.881;192315;605;polygon;False;True;America/Chicago;2;76798 76710 76711 76712 76708 76701 76707 76706 76704 76702 76703 76714 76797 76799;1840022140
cedar rapids;Cedar Rapids;IA;Iowa;19113;Linn;419.665;-916.782;188038;720;polygon;False;True;America/Chicago;2;52404 52405 52402 52401 52411 52403 52406 52407 52408 52409 52410 52497 52498 52499;1840000471
sioux falls;Sioux Falls;SD;South Dakota;46099;Minnehaha;435.397;-96.732;187239;907;polygon;False;True;America/Chicago;2;57110 57104 57105 57106 57107 57103 57108 57197 57117 57101 57109 57186 57193;1840002648
ontario;Ontario;CA;California;6071;San Bernardino;340.393;-1.176.064;185010;1429;polygon;False;True;America/Los_Angeles;2;91762 91761 91764 91743 91758;1840020410
erie;Erie;PA;Pennsylvania;42049;Erie;421.168;-800.733;184484;1926;polygon;False;True;America/New_York;2;16546 16510 16511 16508 16502 16507 16504 16503 16501 16512 16514 16522 16530 16534 16538 16541 16544 16550 16553;1840000478
newport news;Newport News;VA;Virginia;51700;Newport News;371.051;-765.185;179225;1002;polygon;False;True;America/New_York;2;23601 23603 23608 23604 23605 23606 23607 23602 23609 23612 23628 23630;1840003862
medford;Medford;OR;Oregon;41029;Jackson;423.372;-1.228.537;170876;1243;polygon;False;True;America/Los_Angeles;2;97504 97501;1840020076
manchester;Manchester;NH;New Hampshire;33011;Hillsborough;429.848;-714.447;162877;1315;polygon;False;True;America/New_York;2;03109 03104 03101 03103 03102 03105 03108 03111;1840002983
springfield;Springfield;IL;Illinois;17167;Sangamon;39.771;-896.538;158509;723;polygon;False;True;America/Chicago;2;62711 62712 62702 62703 62701 62707 62704 62705 62706 62715 62716 62719 62722 62726 62736 62739 62756 62757 62761 62762 62763 62764 62765 62766 62767 62769 62776 62777 62781 62786 62796;1840009517
lake charles;Lake Charles;LA;Louisiana;22019;Calcasieu;302.012;-932.122;156181;674;polygon;False;True;America/Chicago;2;70605 70607 70601 70615 70602 70606 70609 70612 70616 70629;1840015039
midland;Midland;TX;Texas;48329;Midland;320.249;-1.021.137;154793;758;polygon;False;True;America/Chicago;2;79701 79706 79707 79705 79703 79702 79708 79711;1840020792
muskegon;Muskegon;MI;Michigan;26121;Muskegon;432.281;-862.563;153565;998;polygon;False;True;America/Detroit;2;49442 49440 49441;1840002870
binghamton;Binghamton;NY;New York;36007;Broome;421.014;-759.093;148145;1635;polygon;False;True;America/New_York;2;13904 13905 13901 13903;1840000460
pueblo;Pueblo;CO;Colorado;8101;Pueblo;382.705;-1.046.112;143932;789;polygon;False;True;America/Denver;2;81004 81005 81003 81001 81008 81002 81010 81011 81012;1840020255
tyler;Tyler;TX;Texas;48423;Smith;323.184;-953.062;143796;718;polygon;False;True;America/Chicago;2;75709 75702 75703 75701 75710 75712 75713 75798 75799;1840022076
yuma;Yuma;AZ;Arizona;4027;Yuma;325.992;-1.145.488;142847;313;polygon;False;True;America/Phoenix;2;85365 85364 85369;1840021998
columbia;Columbia;MO;Missouri;29019;Boone;389.478;-923.256;141645;725;polygon;False;True;America/Chicago;2;65202 65203 65201 65215 65211 65216 65217 65218 65299;1840007391
santa maria;Santa Maria;CA;California;6083;Santa Barbara;349.334;-1.204.432;140545;1815;polygon;False;True;America/Los_Angeles;2;93454 93455 93458;1840021830
grand junction;Grand Junction;CO;Colorado;8077;Mesa;390.876;-1.085.673;139143;621;polygon;False;True;America/Denver;2;81505 81504 81507 81506 81501;1840020230
charleston;Charleston;WV;West Virginia;54039;Kanawha;383.484;-816.323;138706;570;polygon;False;True;America/New_York;2;25305 25304 25303 25302 25301 25311 25312 25314 25317 25321 25322 25323 25324 25325 25326 25327 25328 25329 25330 25331 25332 25333 25334 25335 25336 25337 25338 25339 25350 25364 25375 25387 25392 25396;1840006196
panama city;Panama City;FL;Florida;12005;Bay;301.995;-856.004;136133;382;polygon;False;True;America/Chicago;2;32401 32405 32404 32402 32412;1840015034
harlingen;Harlingen;TX;Texas;48061;Cameron;261.917;-976.976;136037;626;polygon;False;True;America/Chicago;2;78550 78552 78551 78553;1840021036
bloomington;Bloomington;IL;Illinois;17113;McLean;404.757;-889.703;133846;1100;polygon;False;True;America/Chicago;2;61701 61705 61704 61709 61710 61791;1840007207
bellingham;Bellingham;WA;Washington;53073;Whatcom;487.543;-1.224.687;130641;1287;polygon;False;True;America/Los_Angeles;2;98229 98225 98226 98228;1840018346
fort smith;Fort Smith;AR;Arkansas;5131;Sebastian;353.493;-943.695;125354;536;polygon;False;True;America/Chicago;2;72901 72904 72908 72903 72923 72916 72905 72906 72913 72914 72917 72918 72919;1840013456
abilene;Abilene;TX;Texas;48441;Taylor;324.543;-997.384;123420;446;polygon;False;True;America/Chicago;2;79605 79699 79603 79601 79607 79606 79602 79604 79608 79697 79698;1840019476
redding;Redding;CA;California;6089;Shasta;405.698;-122.365;121313;599;polygon;False;True;America/Los_Angeles;2;96002 96003 96001;1840020141
st george;St. George;UT;Utah;49053;Washington;37.077;-113.577;120899;449;polygon;False;True;America/Denver;2;84770 84790 84791;1840021559
billings;Billings;MT;Montana;30111;Yellowstone;457.891;-1.085.524;120728;948;polygon;False;True;America/Denver;2;59106 59105 59102 59101 59104 59107 59108 59115 59116 59117;1840018496
rochester;Rochester;MN;Minnesota;27109;Olmsted;440.151;-924.778;119942;831;polygon;False;True;America/Chicago;2;55902 55901 55906 55904 55905;1840008987
duluth;Duluth;MN;Minnesota;27137;St. Louis;467.756;-921.392;119476;461;polygon;False;True;America/Chicago;2;55803 55802 55805 55804 55808 55810 55811 55812 55807 55806 55815 55816;1840007685
saginaw;Saginaw;MI;Michigan;26145;Saginaw;434.199;-839.501;117958;1087;polygon;False;True;America/Detroit;2;48607 48602 48601 48606 48663;1840002813
st cloud;St. Cloud;MN;Minnesota;27145;Stearns;455.339;-941.718;115028;660;polygon;False;True;America/Chicago;2;56304 56301 56303 56302 56372 56393 56395 56396;1840008881
ponce;Ponce;PR;Puerto Rico;72113;Ponce;18.012;-666.198;113401;1426;polygon;False;False;America/Puerto_Rico;2;00728 00717 00716 00730 00732 00733 00734;1630023669
monroe;Monroe;LA;Louisiana;22073;Ouachita;325.183;-920.774;112891;623;polygon;False;True;America/Chicago;2;71209 71203 71202 71201 71207 71210 71212 71213 71217;1840014881
west palm beach;West Palm Beach;FL;Florida;12099;Palm Beach;267.468;-801.316;111955;803;polygon;False;True;America/New_York;2;33411 33412 33417 33409 33407 33405 33401 33402 33422;1840015993
waterloo;Waterloo;IA;Iowa;19013;Black Hawk;42.492;-923.522;111631;423;polygon;False;True;America/Chicago;2;50707 50703 50702 50701;1840000440
santa fe;Santa Fe;NM;New Mexico;35049;Santa Fe;356.619;-1.059.819;111269;625;polygon;False;True;America/Denver;2;87505 87507 87501 87502 87503 87509;1840021707
burlington;Burlington;VT;Vermont;50007;Chittenden;444.877;-732.314;109763;1604;polygon;False;True;America/New_York;2;05405 05401 05408 05406;1840002310
jacksonville;Jacksonville;NC;North Carolina;37133;Onslow;347.288;-773.941;108856;574;polygon;False;True;America/New_York;2;28546 28547 28543 28540 28541 28542 28545;1840014653
eau claire;Eau Claire;WI;Wisconsin;55035;Eau Claire;448.199;-914.949;107404;812;polygon;False;True;America/Chicago;2;54703 54701 54702;1840002296
sioux city;Sioux City;IA;Iowa;19193;Woodbury;424.959;-963.901;106455;545;polygon;False;True;America/Chicago;2;51106 51104 51105 51103 51101 51108 51109 51111;1840000447
wichita falls;Wichita Falls;TX;Texas;48485;Wichita;339.072;-985.291;104683;561;polygon;False;True;America/Chicago;2;76308 76310 76311 76309 76306 76305 76302 76301 76307;1840021923
burbank;Burbank;CA;California;6037;Los Angeles;341.879;-1.183.235;102511;2285;polygon;False;True;America/Los_Angeles;2;91506 91504 91505 91502 91501 91503 91507 91508 91510 91521 91522 91523 91526;1840019233
san angelo;San Angelo;TX;Texas;48451;Tom Green;314.424;-1.004.506;101004;653;polygon;False;True;America/Chicago;2;76905 76904 76901 76903 76908 76886 76902 76906 76909;1840022146
la crosse;La Crosse;WI;Wisconsin;55063;La Crosse;43.824;-912.268;100693;911;polygon;False;True;America/Chicago;2;54601 54603 54602;1840002577
idaho falls;Idaho Falls;ID;Idaho;16019;Bonneville;434.872;-1.120.362;100442;1011;polygon;False;True;America/Boise;2;83401 83402 83404 83415;1840018644
charlottesville;Charlottesville;VA;Virginia;51540;Charlottesville;380.375;-784.855;100416;1781;polygon;False;True;America/New_York;2;22901 22902 22903 22905 22906 22909;1840001678
longview;Longview;TX;Texas;48183;Gregg;325.193;-947.621;100330;565;polygon;False;True;America/Chicago;2;75602 75601 75605 75604 75606 75608 75615 75660;1840020746
bismarck;Bismarck;ND;North Dakota;38015;Burleigh;468.144;-1.007.694;98345;827;polygon;False;True;America/Chicago;2;58505 58504 58501 58503 58507;1840001926
lawton;Lawton;OK;Oklahoma;40031;Comanche;346.176;-984.203;93025;441;polygon;False;True;America/Chicago;3;73501 73507 73505 73503 73502 73506;1840020477
missoula;Missoula;MT;Montana;30063;Missoula;46.875;-1.140.214;92895;845;polygon;False;True;America/Denver;3;59808 59803 59802 59801 59812;1840019840
rapid city;Rapid City;SD;South Dakota;46103;Pennington;440.716;-1.032.204;92664;546;polygon;False;True;America/Denver;3;57702 57703 57701;1840002180
albany;Albany;GA;Georgia;13095;Dougherty;315.776;-841.762;89217;505;polygon;False;True;America/New_York;3;31721 31701 31707 31705 31702 31703 31706 31708;1840013864
state college;State College;PA;Pennsylvania;42027;Centre;407.909;-778.568;87723;3572;polygon;False;True;America/New_York;2;16802 16803 16801 16804 16805;1840000830
joplin;Joplin;MO;Missouri;29097;Jasper;370.758;-945.018;84048;515;polygon;False;True;America/Chicago;3;64804 64801 64802 64803;1840008771
melbourne;Melbourne;FL;Florida;12009;Brevard;281.085;-806.627;83029;727;polygon;False;True;America/New_York;3;32901 32903 32934 32935 32904 32912 32919 32941;1840015960
st augustine;St. Augustine;FL;Florida;12109;St. Johns;298.977;-81.31;82180;629;polygon;False;True;America/New_York;3;32084 32080 32095;1840015935
flagstaff;Flagstaff;AZ;Arizona;4005;Coconino;351.872;-1.116.195;81974;438;polygon;False;True;America/Phoenix;3;86001 86011 86004 86002 86005;1840020335
alexandria;Alexandria;LA;Louisiana;22079;Rapides;312.923;-924.702;80129;625;polygon;False;True;America/Chicago;3;71302 71303 71301 71307 71309 71315 71348;1840013873
valdosta;Valdosta;GA;Georgia;13185;Lowndes;308.502;-832.788;79820;606;polygon;False;True;America/New_York;3;31698 31602 31601 31605 31603 31604;1840015894
pasco;Pasco;WA;Washington;53021;Franklin;462.506;-1.191.304;75432;858;polygon;False;True;America/Los_Angeles;3;99301 99302;1840019888
pocatello;Pocatello;ID;Idaho;16005;Bannock;428.724;-1.124.646;72878;657;polygon;False;True;America/Boise;3;83204 83201 83209 83205 83206;1840013376
dothan;Dothan;AL;Alabama;1069;Houston;312.335;-854.069;72396;296;polygon;False;True;America/Chicago;3;36303 36301 36305 36321 36302 36304;1840001518
bristol;Bristol;TN;Tennessee;47163;Sullivan;365.572;-822.154;70243;318;polygon;False;True;America/New_York;3;37620 37621;1840013301
wilmington;Wilmington;DE;Delaware;10003;New Castle;397.415;-755.413;70166;2484;polygon;False;True;America/New_York;2;19809 19802 19801 19806 19805 19850 19880 19884 19885 19886 19890 19893 19894 19895 19896 19898 19899;1840005579
daytona beach;Daytona Beach;FL;Florida;12127;Volusia;291.994;-810.982;69186;406;polygon;False;True;America/New_York;3;32124 32174 32117 32114 32118 32119 32115 32116 32120 32121 32126 32198;1840015068
dubuque;Dubuque;IA;Iowa;19061;Dubuque;425.008;-907.067;68109;729;polygon;False;True;America/Chicago;3;52002 52003 52001 52004 52099;1840000438
casper;Casper;WY;Wyoming;56025;Natrona;42.842;-1.063.207;67598;843;polygon;False;True;America/Denver;3;82604 82601 82609 82602 82605;1840038324
great falls;Great Falls;MT;Montana;30013;Cascade;475.022;-1.112.995;65131;982;polygon;False;True;America/Denver;3;59405 59404 59401 59406;1840019839
grand forks;Grand Forks;ND;North Dakota;38035;Grand Forks;479.218;-970.886;64748;784;polygon;False;True;America/Chicago;3;58202 58203 58201 58206 58208;1840000101
fairbanks;Fairbanks;AK;Alaska;2090;Fairbanks North Star;648.353;-1.476.534;63245;375;polygon;False;True;America/Anchorage;3;99701 99703 99707;1840023463
elmira;Elmira;NY;New York;36015;Chemung;420.938;-768.097;62989;1440;polygon;False;True;America/New_York;3;14901 14905 14904 14902;1840000472
san luis obispo;San Luis Obispo;CA;California;6079;San Luis Obispo;352.669;-1.206.691;62290;1374;polygon;False;True;America/Los_Angeles;3;93401 93405 93403 93406;1840021734
bangor;Bangor;ME;Maine;23019;Penobscot;448.322;-687.906;59772;363;polygon;False;True;America/New_York;3;04401 04402;1840000238
white plains;White Plains;NY;New York;36119;Westchester;41.022;-737.549;58109;2291;polygon;False;True;America/New_York;2;10603 10601 10604 10605 10606 10602;1840003477
bozeman;Bozeman;MT;Montana;30031;Gallatin;456.832;-1.110.552;57695;945;polygon;False;True;America/Denver;3;59718 59715 59719;1840018509
manhattan;Manhattan;KS;Kansas;20161;Riley;391.886;-966.046;57046;1062;polygon;False;True;America/Chicago;3;66506 66502 66503 66505;1840001589
twin falls;Twin Falls;ID;Idaho;16083;Twin Falls;425.645;-1.144.615;55556;1008;polygon;False;True;America/Boise;3;83301 83303;1840021301
ithaca;Ithaca;NY;New York;36109;Tompkins;424.442;-765.032;55137;2209;polygon;False;True;America/New_York;2;14853 14850 14851;1840000442
brunswick;Brunswick;GA;Georgia;13127;Glynn;31.145;-81.474;53914;367;polygon;False;True;America/New_York;3;31520 31521;1840013875
lewiston;Lewiston;ID;Idaho;16069;Nez Perce;463.934;-1.169.934;53384;731;polygon;False;True;America/Los_Angeles;3;83501;1840019897
grand island;Grand Island;NE;Nebraska;31079;Hall;409.214;-983.584;53296;665;polygon;False;True;America/Chicago;3;68803 68801;1840000956
helena;Helena;MT;Montana;30049;Lewis and Clark;465.965;-1.120.202;52936;760;polygon;False;True;America/Denver;2;59601 59602 59623 59624 59625 59626;1840019820
new bern;New Bern;NC;North Carolina;37049;Craven;350.955;-770.723;51308;409;polygon;False;True;America/New_York;3;28560 28562 28561;1840014591
traverse city;Traverse City;MI;Michigan;26055;Grand Traverse;447.547;-856.035;50522;729;polygon;False;True;America/Detroit;3;49686 49684 49696;1840003946
minot;Minot;ND;North Dakota;38101;Ward;482.375;-1.012.781;49425;671;polygon;False;True;America/Chicago;3;58707 58703 58702 58701;1840000053
roswell;Roswell;NM;New Mexico;35005;Chaves;33.373;-1.045.294;48889;617;polygon;False;True;America/Denver;3;88203 88201;1840020549
palm springs;Palm Springs;CA;California;6065;Riverside;338.017;-1.165.382;48518;198;polygon;False;True;America/Los_Angeles;3;92262 92264 92258 92263;1840020556
paducah;Paducah;KY;Kentucky;21145;McCracken;370.711;-886.436;48481;475;polygon;False;True;America/Chicago;3;42003 42001 42002;1840014388
niagara falls;Niagara Falls;NY;New York;36063;Niagara;430.921;-790.147;47720;1308;polygon;False;True;America/Toronto;3;14303 14302 14301 14305 14304;1840000371
hilo;Hilo;HI;Hawaii;15001;Hawaii;196.886;-1.550.864;45056;325;polygon;False;False;Pacific/Honolulu;3;96720;1840023193
hobbs;Hobbs;NM;New Mexico;35025;Lea;327.282;-103.16;42095;572;polygon;False;True;America/Denver;3;88240;1840020616
moline;Moline;IL;Illinois;17161;Rock Island;414.821;-904.921;41356;953;polygon;False;True;America/Chicago;3;61265 61266;1840008181
covington;Covington;KY;Kentucky;21117;Kenton;390.334;-845.166;40341;1180;polygon;False;True;America/New_York;3;41011 41015 41014 41017 41016 45277 45298 45999;1840014263
cedar city;Cedar City;UT;Utah;49021;Iron;376.834;-1.130.956;39995;374;polygon;False;True;America/Denver;3;84720 84721;1840018895
kalispell;Kalispell;MT;Montana;30029;Flathead;482.156;-1.143.262;39182;789;polygon;False;True;America/Denver;3;59901 59904;1840018350
meridian;Meridian;MS;Mississippi;28075;Lauderdale;323.846;-886.896;36686;261;polygon;False;True;America/Chicago;3;39307 39305 39301 39302 39303 39304;1840014891
gillette;Gillette;WY;Wyoming;56005;Campbell;442.752;-1.054.983;36032;538;polygon;False;True;America/Denver;3;82718 82716;1840019978
redmond;Redmond;OR;Oregon;41017;Deschutes;442.631;-1.211.798;34240;744;polygon;False;True;America/Los_Angeles;3;97756;1840020003
butte;Butte;MT;Montana;30093;Silver Bow;45.902;-1.126.571;34207;18;polygon;False;True;America/Denver;3;59743 59748 59727 59759 59750 59701 59703 59702 59707;1840032850
laramie;Laramie;WY;Wyoming;56001;Albany;413.099;-1.056.085;33929;688;polygon;False;True;America/Denver;3;82072 82070;1840020096
greer;Greer;SC;South Carolina;45045;Greenville;349.313;-822.315;33373;563;polygon;False;True;America/New_York;3;29651 29650 29652;1840013502
juneau;Juneau;AK;Alaska;2110;Juneau;584.546;-1.341.739;31974;4;polygon;False;True;America/Juneau;2;99824 99801 99802 99803 99811 99812 99821 99850;1840023306
key west;Key West;FL;Florida;12087;Monroe;245.637;-817.768;31401;1665;polygon;False;True;America/New_York;3;33040 33041 33045;1840015161
kahului;Kahului;HI;Hawaii;15009;Maui;208.715;-1.564.603;31336;841;polygon;False;False;Pacific/Honolulu;3;96732 96733;1840023232
williston;Williston;ND;North Dakota;38105;Williams;481.814;-1.036.364;29844;483;polygon;False;True;America/Chicago;3;58801 58802 58803;1840001871
garden city;Garden City;KS;Kansas;20055;Finney;379.754;-1.008.529;29659;945;polygon;False;True;America/Chicago;3;67846;1840001669
texarkana;Texarkana;AR;Arkansas;5091;Miller;334.361;-93.996;29657;273;polygon;False;True;America/Chicago;3;71854;1840015708
plattsburgh;Plattsburgh;NY;New York;36019;Clinton;446.951;-734.563;28740;1495;polygon;False;True;America/New_York;3;12901 12903;1840000296
aberdeen;Aberdeen;SD;South Dakota;46013;Brown;454.646;-98.468;28257;680;polygon;False;True;America/Chicago;3;57401;1840002032
monterey;Monterey;CA;California;6053;Monterey;365.922;-1.218.807;28178;1259;polygon;False;True;America/Los_Angeles;3;93943 93940 93944;1840020358
marquette;Marquette;MI;Michigan;26103;Marquette;46.544;-874.082;26491;715;polygon;False;True;America/Detroit;3;49855;1840003923
rock springs;Rock Springs;WY;Wyoming;56037;Sweetwater;415.951;-1.092.238;25913;451;polygon;False;True;America/Denver;3;82901 82902;1840020101
chantilly;Chantilly;VA;Virginia;51059;Fairfax;388.868;-774.453;24368;783;polygon;False;False;America/New_York;3;20151 20153;1840006016
montrose;Montrose;CO;Colorado;8085;Montrose;38.469;-107.859;23478;413;polygon;False;True;America/Denver;3;81403 81401 81402;1840020251
dickinson;Dickinson;ND;North Dakota;38089;Stark;468.917;-1.027.924;23133;631;polygon;False;True;America/Denver;3;58601 58602;1840000192
hays;Hays;KS;Kansas;20051;Ellis;388.815;-993.218;21421;955;polygon;False;True;America/Chicago;3;67601;1840001628
elko;Elko;NV;Nevada;32007;Elko;408.387;-1.157.674;21179;442;polygon;False;True;America/Los_Angeles;3;89801;1840020120
durango;Durango;CO;Colorado;8067;La Plata;372.659;-1.078.782;20203;498;polygon;False;True;America/Denver;3;81301 81303;1840018929
escanaba;Escanaba;MI;Michigan;26041;Delta;457.477;-87.09;20094;368;polygon;False;True;America/Detroit;3;49829;1840003925
vernal;Vernal;UT;Utah;49047;Uintah;404.517;-1.095.379;19893;871;polygon;False;True;America/Denver;3;84078 84079;1840021391
brainerd;Brainerd;MN;Minnesota;27035;Crow Wing;463.553;-941.982;19583;426;polygon;False;True;America/Chicago;3;56401;1840006644
crescent city;Crescent City;CA;California;6015;Del Norte;417.727;-1.241.902;16849;1334;polygon;False;True;America/Los_Angeles;3;95531 95532;1840018707
bemidji;Bemidji;MN;Minnesota;27007;Beltrami;474.828;-948.796;16807;409;polygon;False;True;America/Chicago;3;56601 56619;1840006600
hibbing;Hibbing;MN;Minnesota;27137;St. Louis;473.981;-929.487;15855;33;polygon;False;True;America/Chicago;3;55746;1840006594
jamestown;Jamestown;ND;North Dakota;38093;Stutsman;469.063;-986.936;15084;438;polygon;False;True;America/Chicago;3;58401 58402 58405;1840000153
alpena;Alpena;MI;Michigan;26007;Alpena;45.074;-834.399;13541;470;polygon;False;True;America/Detroit;3;49707;1840003947
sault ste marie;Sault Ste. Marie;MI;Michigan;26033;Chippewa;464.817;-843.723;13420;351;polygon;False;True;America/Detroit;3;49783;1840003938
jackson;Jackson;WY;Wyoming;56039;Teton;434.721;-1.107.745;12576;1378;polygon;False;True;America/Denver;3;83001 83002;1840021258
hailey;Hailey;ID;Idaho;16013;Blaine;435.141;-114.3;11409;853;polygon;False;True;America/Boise;3;83333;1840020028
aguadilla;Aguadilla;PR;Puerto Rico;72005;Aguadilla;184.382;-671.536;10739;1654;polygon;False;False;America/Puerto_Rico;3;00603 00605;1630035605
ketchikan;Ketchikan;AK;Alaska;2130;Ketchikan Gateway;553.556;-1.316.698;10652;838;polygon;False;True;America/Sitka;3;99901 99950;1840023270
cody;Cody;WY;Wyoming;56029;Park;445.212;-1.090.549;9788;369;polygon;False;True;America/Denver;3;82414;1840018595
north bend;North Bend;OR;Oregon;41011;Coos;434.075;-1.242.364;9768;959;polygon;False;True;America/Los_Angeles;3;97459;1840020057
kodiak;Kodiak;AK;Alaska;2150;Kodiak Island;577.934;-152.406;8851;571;polygon;False;True;America/Anchorage;3;99615 99619;1840023301
rhinelander;Rhinelander;WI;Wisconsin;55085;Oneida;456.361;-894.256;8830;354;polygon;False;True;America/Chicago;3;54501;1840002046
aspen;Aspen;CO;Colorado;8097;Pitkin;39.195;-1.068.369;8569;736;polygon;False;True;America/Denver;3;81611;1840018813
sitka;Sitka;AK;Alaska;2220;Sitka;572.401;-1.353.153;8493;1;polygon;False;True;America/Sitka;3;99835;1840023319
mammoth lakes;Mammoth Lakes;CA;California;6051;Mono;376.273;-118.99;8235;127;polygon;False;True;America/Los_Angeles;3;93546;1840022493
latrobe;Latrobe;PA;Pennsylvania;42129;Westmoreland;403.125;-793.826;7830;1305;polygon;False;True;America/New_York;3;15650;1840001142
devils lake;Devils Lake;ND;North Dakota;38071;Ramsey;481.131;-98.875;7631;408;polygon;False;True;America/Chicago;3;58301;1840091411
moab;Moab;UT;Utah;49019;Grand;385.701;-1.095.477;7278;429;polygon;False;True;America/Denver;3;84532;1840020227
lihue;Lihue;HI;Hawaii;15007;Kauai;219.728;-1.593.541;7267;420;polygon;False;False;Pacific/Honolulu;3;96766;1840029519
gunnison;Gunnison;CO;Colorado;8051;Gunnison;385.455;-1.069.225;7195;612;polygon;False;True;America/Denver;3;81231 81230;1840020235
eagle;Eagle;CO;Colorado;8037;Eagle;396.368;-1.068.123;6986;478;polygon;False;True;America/Denver;3;81631;1840021424
bethel;Bethel;AK;Alaska;2050;Bethel;607.928;-1.617.917;6586;57;polygon;False;True;America/Anchorage;3;99559;1840023353
international falls;International Falls;MN;Minnesota;27071;Koochiching;485.884;-934.083;6382;350;polygon;False;True;America/Winnipeg;3;56649 56679;1840007684
valparaiso;Valparaiso;FL;Florida;12091;Okaloosa;304.926;-865.079;5401;176;polygon;False;True;America/Chicago;3;32580 32542;1840015903
hancock;Hancock;MI;Michigan;26061;Houghton;471.355;-885.987;4506;675;polygon;False;True;America/Detroit;3;49930;1840003920
mosinee;Mosinee;WI;Wisconsin;55073;Marathon;447.874;-896.839;4072;200;polygon;False;True;America/Chicago;3;54455;1840002171
nome;Nome;AK;Alaska;2180;Nome;645.213;-1.654.053;3870;116;polygon;False;True;America/Nome;3;99762;1840023510
kotzebue;Kotzebue;AK;Alaska;2188;Northwest Arctic;668.766;-1.625.231;3246;50;polygon;False;True;America/Nome;3;99752;1840023494
petersburg;Petersburg;AK;Alaska;2195;Petersburg Borough;567.566;-1.328.727;3136;27;polygon;False;False;America/Sitka;3;99833;1840023308
wrangell;Wrangell;AK;Alaska;2275;Wrangell;563.317;-1.320.223;2502;0;polygon;False;True;America/Sitka;3;99903 99929;1840000416
dillingham;Dillingham;AK;Alaska;2070;Dillingham;59.055;-1.585.379;2360;27;polygon;False;True;America/Anchorage;3;99576;1840023279
cordova;Cordova;AK;Alaska;2261;Valdez-Cordova;605.348;-1.456.092;2169;13;polygon;False;True;America/Anchorage;3;99574;1840023402
hayden;Hayden;CO;Colorado;8107;Routt;404.851;-1.072.391;1979;232;polygon;False;True;America/Denver;3;81639;1840021375
west yellowstone;West Yellowstone;MT;Montana;30031;Gallatin;446.627;-1.111.057;1376;673;polygon;False;True;America/Denver;3;59758;1840022329
pellston;Pellston;MI;Michigan;26047;Emmet;455.519;-84.783;843;166;polygon;False;True;America/Detroit;3;49769;1840013137
yakutat;Yakutat;AK;Alaska;2282;Yakutat;59.567;-1.395.966;649;2;polygon;False;False;America/Yakutat;3;99689;1840023424
gustavus;Gustavus;AK;Alaska;2105;Hoonah-Angoon;584.275;-1.357.492;447;4;polygon;False;True;America/Juneau;3;99826;1840023313
king salmon;King Salmon;AK;Alaska;2060;Bristol Bay;58.753;-1.565.061;361;0;polygon;False;False;America/Anchorage;3;99613;1840023272
adak;Adak;AK;Alaska;2016;Aleutians West;518.815;-1.766.295;326;3;polygon;False;True;America/Adak;3;99546;1840023261
Auckland;Auckland;AUK;Auckland;;;-36.8509;174.7645;1470100;2700;admin;FALSE;TRUE;Pacific/Auckland;1;1010;1554000001
Amsterdam;Amsterdam;NH;North Holland;;;52.3676;4.9041;921402;5277;admin;FALSE;TRUE;Europe/Amsterdam;1;1012;1528000005
Brisbane;Brisbane;QLD;Queensland;;;-27.4705;153.026;2280000;145;admin;FALSE;TRUE;Australia/Brisbane;1;4000;1036000010
Paris;Paris;IDF;Île-de-France;;Paris;48.8566;2.3522;11020000;20000;admin;FALSE;TRUE;Europe/Paris;1;75000;1250015082
Cancún;Cancun;ROO;Quintana Roo;;Benito Juárez;21.1619;-86.8515;888797;1400;admin;FALSE;TRUE;America/Cancun;2;77500;1484000050
Dubai;Dubai;DU;Dubai;;;25.2048;55.2708;3331420;860;admin;FALSE;TRUE;Asia/Dubai;1;;1784000002
Buenos Aires;Buenos Aires;C;Buenos Aires;;;-34.6037;-58.3816;15154000;14000;primary;FALSE;TRUE;America/Argentina/Buenos_Aires;1;1000;1032000001
Frankfurt;Frankfurt;HE;Hesse;;;50.1109;8.6821;753056;3000;admin;FALSE;TRUE;Europe/Berlin;1;60311;1276000015
São Paulo;Sao Paulo;SP;São Paulo;;;-23.5505;-46.6333;22046000;7500;primary;FALSE;TRUE;America/Sao_Paulo;1;01000;1076000001
Tokyo;Tokyo;13;Tokyo;;;35.6762;139.6503;37274000;6300;primary;FALSE;TRUE;Asia/Tokyo;1;100-0001;1392685764
Seoul;Seoul;11;Seoul;;;37.5665;126.978;9962000;16000;primary;FALSE;TRUE;Asia/Seoul;1;04500;1410000001
London;London;ENG;England;;Greater London;51.5074;-0.1278;9002488;5701;primary;FALSE;TRUE;Europe/London;1;SW1A;1826000002
Lima;Lima;LMA;Lima;;;-12.0464;-77.0428;10750000;3000;primary;FALSE;TRUE;America/Lima;1;15001;1604000001
Medellín;Medellin;ANT;Antioquia;;;6.2442;-75.5812;2569000;6700;admin;FALSE;TRUE;America/Bogota;1;050001;1170000002
Mexico City;Mexico City;CMX;Mexico City;;;19.4326;-99.1332;21804000;6000;primary;FALSE;TRUE;America/Mexico_City;1;06000;1484000001
San José;San Jose;SJ;San José;;San José;9.9281;-84.0907;1404242;2300;primary;FALSE;TRUE;America/Costa_Rica;1;10101;1188000001
Sydney;Sydney;NSW;New South Wales;;;-33.8688;151.2093;5312000;430;admin;FALSE;TRUE;Australia/Sydney;1;2000;1036000001
Taipei;Taipei;TPE;Taipei;;;25.033;121.5654;2646204;9600;primary;FALSE;TRUE;Asia/Taipei;1;100;1158000001
Montreal;Montreal;QC;Quebec;;Montréal;45.5017;-73.5673;4247000;4517;admin;FALSE;TRUE;America/Montreal;1;H2Y;1124000005